path,category,slug,w,h,orientation,quality,publish,people,tags,alt_cs,alt_en,alt_de,caption_cs,caption_en,caption_de,source_file,note
/images/library/colonnade/colonnade-interior-hall.jpg,colonnade,colonnade-interior-hall,1600,1067,landscape,hero,yes,yes,colonnade architecture historic interior promenade,"Dlouhá litinová kolonáda s malovaným klenutým stropem, sluncem prozářenou dlažbou a obchody podél jedné strany.","Long cast-iron colonnade hall with painted vaulted ceiling, sunlit floor patterns and shops along one side.","Lange gusseiserne Kolonnadenhalle mit bemalter Gewölbedecke, sonnendurchfluteten Bodenmustern und Geschäften an einer Seite.",Slunce proniká oblouky historické kolonády a vykresluje vzory na vyleštěné dlažbě.,"Sunlight streams through the arches of the historic colonnade, casting patterns across the polished floor.",Sonnenlicht fällt durch die Bögen der historischen Kolonnade und zeichnet Muster auf den polierten Boden.,marienbad-18.jpg,
/images/library/colonnade/kolonada-dome-detail.jpg,colonnade,kolonada-dome-detail,1600,1067,landscape,good,yes,no,colonnade architecture dome detail historic,Detail tmavé kupole a nápisu 'Kolonáda' nad bílou římsou a korintskými sloupy.,Close-up of the dark dome and 'Kolonáda' lettering above white cornice and Corinthian columns.,Nahaufnahme der dunklen Kuppel und des Schriftzugs 'Kolonáda' über weißem Gesims und korinthischen Säulen.,Tmavá kupole a nápis mariánskolázeňské kolonády se ostře rýsují proti letní obloze.,The dark dome and lettering of Mariánské Lázně's colonnade stand out crisply against a summer sky.,Die dunkle Kuppel und der Schriftzug der Marienbader Kolonnade heben sich klar vom Sommerhimmel ab.,marienbad-16_B.jpg,
/images/library/cuisine/buffet-salad-plate.jpg,cuisine,buffet-salad-plate,1600,900,landscape,good,yes,yes,buffet restaurant salad nutrition hotel dining,"Zaměstnankyně v bílém plášti ukazuje na bufet, žena vedle ní drží talíř s čerstvým salátem.",A staff member in white gestures toward the buffet while a woman holds a plate of fresh salad.,"Eine Mitarbeiterin in Weiß weist auf das Büfett, während eine Frau einen Teller mit frischem Salat hält.",Hostku se zájmem o zdravou výživu provádí bufetem s čerstvými barevnými saláty.,"A nutrition-minded guest is guided through the buffet's fresh, colourful salad options.","Eine ernährungsbewusste Gästin wird durch das frische, bunte Salatangebot des Büfetts geführt.",foto Fitness and Nutrition/FitNut-3.jpg,
/images/library/cuisine/chocolate-dessert-berries.jpg,cuisine,chocolate-dessert-berries,1600,1067,landscape,hero,yes,no,food dessert plated-dish fine-dining chocolate berries,Vrstvený čokoládový dezert se šokoládovou ozdobou je poprášen cukrem vedle čerstvého ovoce.,A layered chocolate dessert with a chocolate curl is dusted with powdered sugar beside fresh berries.,Ein geschichtetes Schokoladendessert mit Schokoladenspirale wird neben frischen Beeren mit Puderzucker bestäubt.,Poprášení cukrem korunuje vrstvený čokoládový dezert podávaný s čerstvým ovocem.,A powdered-sugar finish crowns this layered chocolate dessert served with fresh berries.,Ein Hauch Puderzucker vollendet dieses geschichtete Schokoladendessert mit frischen Beeren.,05_A_Healthy cuisine/Food-2.jpg,
/images/library/cuisine/chocolate-dessert-berries-lowres.jpg,cuisine,chocolate-dessert-berries-lowres,1600,1066,landscape,weak,no,no,food dessert plated-dish chocolate berries watermark,Čokoládový dezert poprášený cukrem vedle čerstvého ovoce; vlevo dole viditelné vodoznak fotografa.,A layered chocolate dessert dusted with powdered sugar beside fresh berries; a photographer's watermark logo is visible bottom-left.,Ein mit Puderzucker bestäubtes Schokoladendessert neben frischen Beeren; unten links ein sichtbares Wasserzeichen des Fotografen.,Nižší rozlišení záběru čokoládového dezertu s viditelným vodoznakem fotografa.,"Lower-resolution version of the chocolate dessert shot, carrying a visible photographer's watermark.",Niedriger aufgelöste Version des Schokoladendesserts mit sichtbarem Wasserzeichen des Fotografen.,05_A_Healthy cuisine/Food_Low_Res-2.jpg,duplicate of P092 at lower resolution (2000x1333); visible photographer watermark logo makes it unusable for web
/images/library/cuisine/chocolate-poached-pears.jpg,cuisine,chocolate-poached-pears,1600,1067,landscape,hero,yes,no,food dessert plated-dish fine-dining chocolate still-life,Celé hrušky přelité tmavou čokoládovou omáčkou stojí na tmavé břidlici na strukturovaném černém pozadí.,Whole pears coated in dark chocolate sauce stand on a dark slate against a textured black backdrop.,"Ganze, mit dunkler Schokoladensauce überzogene Birnen stehen auf einer dunklen Schieferplatte vor strukturiertem schwarzen Hintergrund.",Celé hrušky zahalené do tmavé čokolády tvoří působivou minimalistickou dezertní kompozici.,"Whole pears draped in dark chocolate make for a striking, minimalist dessert composition.","Ganze, in dunkle Schokolade gehüllte Birnen ergeben eine eindrucksvolle, minimalistische Dessertkomposition.",05_A_Healthy cuisine/Food-3.jpg,
/images/library/cuisine/chocolate-poached-pears-lowres.jpg,cuisine,chocolate-poached-pears-lowres,1600,1066,landscape,weak,no,no,food dessert plated-dish chocolate still-life watermark,Celé hrušky přelité tmavou čokoládou na tmavé břidlici; vlevo dole viditelné vodoznak fotografa.,Whole pears coated in dark chocolate sauce on dark slate; a photographer's watermark logo is visible bottom-left.,"Ganze, mit dunkler Schokoladensauce überzogene Birnen auf dunklem Schiefer; unten links ein sichtbares Wasserzeichen des Fotografen.",Nižší rozlišení záběru čokoládových hrušek s viditelným vodoznakem fotografa.,"Lower-resolution version of the chocolate pear dessert, carrying a visible photographer's watermark.",Niedriger aufgelöste Version des Schoko-Birnen-Desserts mit sichtbarem Wasserzeichen des Fotografen.,05_A_Healthy cuisine/Food_Low_Res-3.jpg,duplicate of P093 at lower resolution (2000x1333); visible photographer watermark logo makes it unusable for web
/images/library/cuisine/chopping-green-onions.jpg,cuisine,chopping-green-onions,1600,1067,landscape,good,yes,no,food ingredient chopping kitchen-prep macro herbs,Nůž v detailním záběru krájí zářivě zelenou jarní cibulku na tmavém prkénku.,"A knife slices through bright green spring onions on a dark board, captured in close-up.",Ein Messer schneidet in Nahaufnahme leuchtend grüne Frühlingszwiebeln auf einem dunklen Brett.,Čerstvá jarní cibulka jde pod nůž v tomto detailním záběru z přípravy v kuchyni.,Fresh spring onions get the knife in this close-up kitchen-prep shot.,Frische Frühlingszwiebeln werden in dieser Nahaufnahme aus der Küchenvorbereitung geschnitten.,05_A_Healthy cuisine/Food-5.jpg,
/images/library/cuisine/chopping-green-onions-lowres.jpg,cuisine,chopping-green-onions-lowres,1600,1066,landscape,weak,no,no,food ingredient chopping kitchen-prep macro watermark,Nůž krájí jarní cibulku na tmavém prkénku; vlevo dole viditelné vodoznak fotografa.,A knife slices spring onions on a dark board; a photographer's watermark logo is visible bottom-left.,Ein Messer schneidet Frühlingszwiebeln auf einem dunklen Brett; unten links ein sichtbares Wasserzeichen des Fotografen.,Nižší rozlišení záběru krájení jarní cibulky s viditelným vodoznakem fotografa.,"Lower-resolution version of the spring-onion prep shot, carrying a visible photographer's watermark.",Niedriger aufgelöste Version der Frühlingszwiebel-Aufnahme mit sichtbarem Wasserzeichen des Fotografen.,05_A_Healthy cuisine/Food_Low_Res-5.jpg,duplicate of P095 at lower resolution (2000x1333); visible photographer watermark logo makes it unusable for web
/images/library/cuisine/flambe-vegetable-pan.jpg,cuisine,flambe-vegetable-pan,1600,1067,landscape,hero,yes,no,food flambe cooking chef vegetables fine-dining,Z pánve s restovanou zeleninou na tmavém sporáku šlehají dramatické plameny.,Flames rise dramatically from a pan of sautéed vegetables on a dark stovetop.,Aus einer Pfanne mit gebratenem Gemüse schlagen auf einem dunklen Herd dramatische Flammen empor.,Moment flambování zachycuje dramatickou atmosféru živé kuchyně.,A flambé moment captures the drama of the show kitchen in full swing.,Ein Flambieren fängt die Dramatik der Show-Küche in voller Aktion ein.,05_A_Healthy cuisine/Food-1.jpg,
/images/library/cuisine/flambe-vegetable-pan-lowres.jpg,cuisine,flambe-vegetable-pan-lowres,1600,1066,landscape,weak,no,no,food flambe cooking chef vegetables watermark,Plameny šlehají z pánve s restovanou zeleninou na tmavém sporáku; vlevo dole je viditelné vodoznak fotografa.,Flames rise from a pan of sautéed vegetables on a dark stovetop; a photographer's watermark logo is visible bottom-left.,Flammen schlagen aus einer Pfanne mit gebratenem Gemüse auf einem dunklen Herd; unten links ist ein Fotografen-Wasserzeichen sichtbar.,Nižší rozlišení záběru flambování s viditelným vodoznakem fotografa.,"Lower-resolution version of the flambé shot, carrying a visible photographer's watermark.",Niedriger aufgelöste Version der Flambierszene mit sichtbarem Wasserzeichen des Fotografen.,05_A_Healthy cuisine/Food_Low_Res-1.jpg,duplicate of P091 at lower resolution (2000x1333); visible photographer watermark logo makes it unusable for web
/images/library/cuisine/green-salad-tomatoes-basil.jpg,cuisine,green-salad-tomatoes-basil,1600,1067,landscape,hero,yes,no,food salad vegetables plated-dish healthy-eating fine-dining,"Komponovaný salát z frisée salátu, cherry rajčat, hlívy enoki, bazalky a klíčků v bílé misce.","A composed salad of frisée lettuce, cherry tomatoes, enoki mushrooms, basil and sprouts in a white bowl.","Ein arrangierter Salat aus Frisée-Salat, Kirschtomaten, Enoki-Pilzen, Basilikum und Sprossen in einer weißen Schale.","Čerstvý barevný salát z frisée, cherry rajčat, hlívy enoki a klíčků.","A fresh, colourful salad built from frisée, cherry tomatoes, enoki mushrooms and sprouts.","Ein frischer, bunter Salat aus Frisée, Kirschtomaten, Enoki-Pilzen und Sprossen.",05_A_Healthy cuisine/Food-8.jpg,
/images/library/cuisine/green-salad-tomatoes-basil-lowres.jpg,cuisine,green-salad-tomatoes-basil-lowres,1600,1066,landscape,weak,no,no,food salad vegetables plated-dish healthy-eating watermark,"Komponovaný salát z frisée, cherry rajčat, hlívy enoki a bazalky; vlevo dole viditelné vodoznak fotografa.","A composed salad of frisée, cherry tomatoes, enoki mushrooms and basil; a photographer's watermark logo is visible bottom-left.","Ein arrangierter Salat aus Frisée, Kirschtomaten, Enoki-Pilzen und Basilikum; unten links ein sichtbares Wasserzeichen des Fotografen.",Nižší rozlišení záběru frisée salátu s viditelným vodoznakem fotografa.,"Lower-resolution version of the frisée salad shot, carrying a visible photographer's watermark.",Niedriger aufgelöste Version des Frisée-Salats mit sichtbarem Wasserzeichen des Fotografen.,05_A_Healthy cuisine/Food_Low_Res-8.jpg,duplicate of P098 at lower resolution (2000x1333); visible photographer watermark logo makes it unusable for web
/images/library/cuisine/hotel-buffet-line.jpg,cuisine,hotel-buffet-line,1600,900,landscape,good,yes,yes,cuisine buffet dining hotel,Dvě ženy v županech si vybírají u salátového bufetu v hotelové jídelně s lustry.,Two women in bathrobes browsing a hotel buffet salad bar in a chandeliered dining room.,Zwei Frauen in Bademänteln an einem Salatbuffet in einem mit Kronleuchtern ausgestatteten Hotel-Speisesaal.,Hosté v županech si mezi procedurami vybírají u čerstvého salátového bufetu v hotelové jídelně.,Guests in bathrobes browse a fresh salad buffet between treatments in the hotel dining room.,Gäste in Bademänteln wählen zwischen den Anwendungen am frischen Salatbuffet im Speisesaal des Hotels.,foto Fitness and Nutrition/FitNut-1.jpg,
/images/library/cuisine/hotel-buffet-plates.jpg,cuisine,hotel-buffet-plates,1600,900,landscape,good,yes,yes,buffet restaurant hotel dining healthy-eating spa-guest,Dvě ženy si vybírají u hotelového bufetu s naskládanými bílými talíři a saláty.,Two women browse a hotel buffet counter lined with stacked white plates and salad trays.,Zwei Frauen stehen an einem Hotelbüfett mit gestapelten weißen Tellern und Salatschalen.,"Hosté si vybírají u bufetu, který je součástí konceptu zdravé kuchyně hotelu.","Guests help themselves at the buffet, part of the hotel's healthy-cuisine dining concept.",Gäste bedienen sich am Büfett – Teil des gesunden Küchenkonzepts des Hotels.,foto Fitness and Nutrition/FitNut-2.jpg,
/images/library/cuisine/purple-microgreens-macro.jpg,cuisine,purple-microgreens-macro,1600,1067,landscape,good,yes,no,food ingredient microgreens macro close-up garnish,Detailní záběr fialovo-zelených mikrobylinek s tenkými růžovými stonky na tmavém a bílém pozadí.,Close-up of purple and green microgreens with slender pink stems against a dark and white backdrop.,Nahaufnahme violett-grüner Microgreens mit dünnen pinkfarbenen Stielen vor dunklem und weißem Hintergrund.,Makro záběr sytě zbarvených mikrobylinek určených jako ozdoba v kuchyni zdravé stravy.,A macro study of vivid microgreens destined as a garnish in the healthy-cuisine kitchen.,"Eine Makroaufnahme leuchtender Microgreens, die in der Gesundküche als Garnitur dienen.",05_A_Healthy cuisine/Food-4.jpg,
/images/library/cuisine/purple-microgreens-macro-lowres.jpg,cuisine,purple-microgreens-macro-lowres,1600,1066,landscape,weak,no,no,food ingredient microgreens macro garnish watermark,Detailní záběr fialovo-zelených mikrobylinek; vlevo dole viditelné vodoznak fotografa.,Close-up of purple and green microgreens; a photographer's watermark logo is visible bottom-left.,Nahaufnahme violett-grüner Microgreens; unten links ein sichtbares Wasserzeichen des Fotografen.,Nižší rozlišení makro záběru mikrobylinek s viditelným vodoznakem fotografa.,"Lower-resolution version of the microgreens macro shot, carrying a visible photographer's watermark.",Niedriger aufgelöste Version der Microgreens-Makroaufnahme mit sichtbarem Wasserzeichen des Fotografen.,05_A_Healthy cuisine/Food_Low_Res-4.jpg,duplicate of P094 at lower resolution (2000x1333); visible photographer watermark logo makes it unusable for web
/images/library/cuisine/salad-macro-closeup.jpg,cuisine,salad-macro-closeup,1600,1067,landscape,good,yes,no,food salad vegetables macro close-up healthy-eating,"Těsný makro záběr stejného salátu ukazuje lístky bazalky, půlky cherry rajčat, hlívu enoki a klíčky.","A tight macro crop of the same salad shows basil leaves, cherry tomato halves, enoki mushrooms and sprouts.","Ein enger Makro-Ausschnitt desselben Salats zeigt Basilikumblätter, halbierte Kirschtomaten, Enoki-Pilze und Sprossen.",Makro detail odhaluje texturu a detaily surovin frisée salátu.,A macro close-up reveals the texture and detail of the frisée salad's ingredients.,Eine Makroaufnahme zeigt Textur und Details der Zutaten des Frisée-Salats.,05_A_Healthy cuisine/Food-9.jpg,"same dish as P098, tighter macro crop rather than a straight duplicate"
/images/library/cuisine/salad-macro-closeup-lowres.jpg,cuisine,salad-macro-closeup-lowres,1600,1066,landscape,weak,no,no,food salad vegetables macro close-up watermark,"Těsný makro záběr salátu s bazalkou, rajčetem a hlívou enoki; vlevo dole viditelné vodoznak fotografa.","A tight macro crop of the salad showing basil, tomato and enoki mushrooms; a photographer's watermark logo is visible bottom-left.","Ein enger Makro-Ausschnitt des Salats mit Basilikum, Tomate und Enoki-Pilzen; unten links ein sichtbares Wasserzeichen des Fotografen.",Nižší rozlišení makro záběru salátu s viditelným vodoznakem fotografa.,"Lower-resolution version of the salad macro shot, carrying a visible photographer's watermark.",Niedriger aufgelöste Version der Salat-Makroaufnahme mit sichtbarem Wasserzeichen des Fotografen.,05_A_Healthy cuisine/Food_Low_Res-9.jpg,duplicate of P099 at lower resolution (2000x1333); visible photographer watermark logo makes it unusable for web
/images/library/cuisine/soup-pour-tableside.jpg,cuisine,soup-pour-tableside,1600,1067,landscape,hero,yes,no,food soup plated-dish fine-dining tableside-service garnish,Krémová polévka je u stolu nalévána z malého džbánku na oblohu z nakrájených ingrediencí a mikrobylinek.,A creamy soup is poured tableside from a small jug over a garnish of diced ingredients and microgreens.,Eine cremige Suppe wird am Tisch aus einem kleinen Krug über eine Garnitur aus gewürfelten Zutaten und Microgreens gegossen.,Nalévání přímo u stolu proměňuje jednoduchou krémovou polévku v malé divadlo.,Tableside pouring turns a simple cream soup into a small piece of theatre.,Das Angießen am Tisch macht aus einer schlichten Cremesuppe ein kleines Schauspiel.,05_A_Healthy cuisine/Food-6.jpg,
/images/library/cuisine/soup-pour-tableside-lowres.jpg,cuisine,soup-pour-tableside-lowres,1600,1066,landscape,weak,no,no,food soup plated-dish tableside-service garnish watermark,Krémová polévka je nalévána u stolu na oblohu z nakrájených ingrediencí; vlevo dole viditelné vodoznak fotografa.,A creamy soup is poured tableside over a garnish of diced ingredients; a photographer's watermark logo is visible bottom-left.,Eine cremige Suppe wird am Tisch über eine Garnitur aus gewürfelten Zutaten gegossen; unten links ein sichtbares Wasserzeichen des Fotografen.,Nižší rozlišení záběru nalévání polévky u stolu s viditelným vodoznakem fotografa.,"Lower-resolution version of the tableside soup-pour shot, carrying a visible photographer's watermark.",Niedriger aufgelöste Version des Angießens der Suppe am Tisch mit sichtbarem Wasserzeichen des Fotografen.,05_A_Healthy cuisine/Food_Low_Res-6.jpg,duplicate of P096 at lower resolution (2000x1333); visible photographer watermark logo makes it unusable for web
/images/library/cuisine/yellow-pasta-nest.jpg,cuisine,yellow-pasta-nest,1600,1067,landscape,hero,yes,no,food pasta plated-dish fine-dining garnish close-up,Úhledné hnízdo žluté pasty je servírované s mikrobylinkami a tečkami tmavé balzamikové redukce.,A neat nest of yellow pasta is plated with microgreens and dots of dark balsamic reduction.,Ein ordentliches Nest gelber Pasta ist mit Microgreens und Tupfen dunkler Balsamico-Reduktion angerichtet.,"Jedna porce žluté pasty, precizně servírovaná s mikrobylinkami a kapkami balzamika.","A single portion of yellow pasta, precisely plated with microgreens and balsamic dots.","Eine einzelne Portion gelber Pasta, präzise angerichtet mit Microgreens und Balsamico-Punkten.",05_A_Healthy cuisine/Food-7.jpg,
/images/library/cuisine/yellow-pasta-nest-lowres.jpg,cuisine,yellow-pasta-nest-lowres,1600,1066,landscape,weak,no,no,food pasta plated-dish garnish close-up watermark,Hnízdo žluté pasty s mikrobylinkami a kapkami balzamika; vlevo dole viditelné vodoznak fotografa.,A nest of yellow pasta plated with microgreens and balsamic dots; a photographer's watermark logo is visible bottom-left.,Ein Nest gelber Pasta mit Microgreens und Balsamico-Punkten; unten links ein sichtbares Wasserzeichen des Fotografen.,Nižší rozlišení záběru servírované pasty s viditelným vodoznakem fotografa.,"Lower-resolution version of the plated pasta shot, carrying a visible photographer's watermark.",Niedriger aufgelöste Version der servierten Pasta mit sichtbarem Wasserzeichen des Fotografen.,05_A_Healthy cuisine/Food_Low_Res-7.jpg,duplicate of P097 at lower resolution (2000x1333); visible photographer watermark logo makes it unusable for web
/images/library/drinking-cure/elderly-man-drinking-cure.jpg,drinking-cure,elderly-man-drinking-cure,1600,1067,landscape,hero,yes,yes,drinking-cure spring-fountain mineral-water outdoor senior hands greenery,Muž se šedivými vlasy pije minerální vodu z dlaní u litinové kašny v přírodě.,Silver-haired man in a white shirt drinks mineral water cupped in his hands from an ornate cast-iron spring fountain outdoors.,Ein Mann mit grauem Haar trinkt Mineralwasser aus den Händen an einem schmiedeeisernen Brunnen im Freien.,Host si vychutnává léčivou minerální vodu přímo u zahradní kašny.,A guest savours the healing mineral water straight from a garden spring fountain.,Ein Gast genießt das heilende Mineralwasser direkt an einem Gartenbrunnen.,11_A_Drinking Cure/Drink_Cure-2.jpg,
/images/library/drinking-cure/spa-cup-colonnade-pour.jpg,drinking-cure,spa-cup-colonnade-pour,1600,1067,landscape,hero,yes,yes,drinking-cure spa-cup mineral-water colonnade hands detail,Ruka drží bílý porcelánový lázeňský pohárek pod pramenem minerální vody u sloupu kolonády.,A hand holds a white porcelain spa cup under a stream of mineral water at a colonnade pillar.,Eine Hand hält einen weißen Porzellan-Kurbecher unter einen Mineralwasserstrahl an einer Kolonnadensäule.,Klasický lázeňský pohárek se plní minerální vodou pod sloupy kolonády.,The classic spa cup fills with mineral water beneath the colonnade's stone columns.,Der klassische Kurbecher füllt sich mit Mineralwasser unter den Steinsäulen der Kolonnade.,11_A_Drinking Cure/Drink_Cure-3.jpg,
/images/library/drinking-cure/spa-cup-daylight-spring.jpg,drinking-cure,spa-cup-daylight-spring,1600,1067,landscape,hero,yes,yes,drinking-cure spa-cup mineral-water spring-pavilion sunlight detail hands,Ruka drží bílý lázeňský džbánek pod výtokem minerální vody na osluněném kamenném sloupu s údajem o teplotě.,A hand holds a white spa jug beneath a mineral water spout on a sunlit stone pillar marked with its temperature.,Eine Hand hält einen weißen Kurkrug unter einen Mineralwasserauslauf an einer sonnenbeschienenen Steinsäule mit Temperaturangabe.,"Sluneční světlo dopadá na proud minerální vody, zatímco se pohárek plní u pramenného sloupu.",Sunlight catches the stream of mineral water as a cup fills at the spring pillar.,"Sonnenlicht fängt den Mineralwasserstrahl ein, während sich der Becher am Quellpfeiler füllt.",11_A_Drinking Cure/Drink_Cure-5.jpg,"Companion to P197, same spring pillar in daylight"
/images/library/drinking-cure/spa-cup-night-spring.jpg,drinking-cure,spa-cup-night-spring,1600,1067,landscape,hero,yes,yes,drinking-cure spa-cup mineral-water spring-pavilion night detail hands,Ruka plní bílý lázeňský pohárek minerální vodou v noci u kamenného pramene s vyrytou teplotou.,A hand fills a white spa cup with mineral water at night beside a stone spring marked with a temperature inscription.,Eine Hand füllt bei Nacht einen weißen Kurbecher mit Mineralwasser an einer Steinquelle mit Temperaturangabe.,"I po setmění pramen dál protéká, kamenná deska nese přesnou teplotu vody.","After dark, the mineral spring still flows, its stone marker recording the water's exact temperature.","Auch nach Einbruch der Dunkelheit fließt die Mineralquelle weiter, ihr Steinmal zeigt die genaue Wassertemperatur.",11_A_Drinking Cure/Drink_Cure-4.jpg,"Atmospheric night shot; companion to P198, same spring in daylight"
/images/library/drinking-cure/spring-drinking-cure.jpg,drinking-cure,spring-drinking-cure,1600,1067,landscape,hero,yes,yes,drinking-cure mineral-water springs senior outdoor,Starší muž pije z dlaní minerální vodu z ozdobného bronzového pramenního výtoku venku.,Older man cupping his hands to drink mineral water from an ornate bronze spring spout outdoors.,Älterer Mann trinkt mit den Händen Mineralwasser aus einem kunstvollen bronzenen Quellauslauf im Freien.,"Pití vody přímo u pramene, rituál, který je jádrem lázeňské kúry.","Taking the waters straight from the spring, a ritual central to the spa cure.","Das Wasser wird direkt an der Quelle getrunken, ein zentrales Ritual der Kur.",11_A_Drinking Cure/Drink_Cure-1.jpg,No traditional spa cup visible; water is taken directly by hand.
/images/library/fitness/assisted-ladder-stretch.jpg,fitness,assisted-ladder-stretch,1067,1600,portrait,good,yes,yes,fitness personal-trainer stretching physiotherapy historic-interior gym-equipment,Trenér podpírá ženu předklánějící se na dřevěném cvičebním nářadí před zdobenými kachlovými panely.,Trainer supports a woman leaning forward on a wooden gymnastics apparatus in front of ornate tiled wall panels.,"Trainer stützt eine Frau, die sich auf einem hölzernen Turngerät vor kunstvoll gekachelten Wandpaneelen nach vorne beugt.","Dřevěný cvičební rám slouží i jako pomůcka pro protažení, v pozadí originální keramické obklady místnosti.","The wooden training frame doubles as a stretching aid, set against the room's original ceramic tilework.","Der hölzerne Trainingsrahmen dient auch als Dehnhilfe, vor dem originalen Keramikfliesenwerk des Raumes.",_Rykovský_foto five konzept/Marianske-lazne-fit-45.jpg,Similar setting to P144/P145 (same room and apparatus).
/images/library/fitness/cable-machine-training.jpg,fitness,cable-machine-training,1600,900,landscape,good,yes,yes,fitness gym resistance-training cable-machine group-fitness strength,"Žena v popředí cvičí na kladkovém stroji, v pozadí skupina cvičí s odporovými gumami.",A woman pulls a cable-machine handle in the foreground while a group trains with resistance bands behind her.,"Eine Frau zieht im Vordergrund einen Kabelzuggriff, während im Hintergrund eine Gruppe mit Widerstandsbändern trainiert.","Posilování na kladkovém stroji, v pozadí právě probíhá skupinová lekce.","Strength training on the cable machine, with a group class running in the background.","Krafttraining am Kabelzug, im Hintergrund läuft parallel ein Gruppenkurs.",foto Fitness and Nutrition/FitNut-5.jpg,
/images/library/fitness/calm-neck-therapy.jpg,fitness,calm-neck-therapy,1067,1600,portrait,hero,yes,yes,fitness personal-trainer gym portrait wellness,Ruce trenéra rámují hlavu ženy se zavřenýma očima během klidného cvičení na držení těla u dřevěného stojanu.,"Trainer's hands frame a woman's head, eyes closed, during a calm posture exercise at the wooden wall rack.",Die Hände des Trainers umrahmen den Kopf einer Frau mit geschlossenen Augen während einer ruhigen Haltungsübung am hölzernen Wandregal.,Klidný okamžik soustředění během vedeného cvičení na držení těla.,A serene moment of focus during a guided posture exercise.,Ein ruhiger Moment der Konzentration während einer angeleiteten Haltungsübung.,_Rykovský_foto five konzept/Marianske-lazne-fit-38.jpg,"Near-duplicate of P137, same setup, eyes closed"
/images/library/fitness/chest-stretch-training.jpg,fitness,chest-stretch-training,1600,1067,landscape,good,yes,yes,fitness personal-trainer stretching gym equipment training,"Trenér vede ženu při protažení hrudníku s pažemi nad hlavou na dřevěném rámu, vedle plakát s nápisem Chest.","Trainer guides a woman through an overhead chest stretch on a wooden frame, instructional poster labelled Chest beside them.","Trainer leitet eine Frau bei einer Brustdehnung mit erhobenen Armen an einem Holzrahmen an, daneben ein Poster mit der Aufschrift Chest.","Podporované protažení hrudníku, součást cíleného mobilizačního programu studia.","A supported chest stretch, part of the studio's targeted mobility programme.","Eine unterstützte Brustdehnung, Teil des gezielten Mobilitätsprogramms des Studios.",_Rykovský_foto five konzept/Marianske-lazne-fit-10.jpg,
/images/library/fitness/close-standing-stretch.jpg,fitness,close-standing-stretch,1600,1067,landscape,good,yes,yes,fitness personal-trainer gym equipment,"Bližší záběr téhož cvičení na rovnováhu, trenér přidržuje paži ženy u dřevěného nástěnného přístroje.","Closer crop of the same balance exercise, trainer steadying a woman's arm at the wooden wall apparatus.","Näherer Ausschnitt derselben Balanceübung, Trainer stützt den Arm einer Frau am hölzernen Wandgerät.",Bližší pohled na praktické vedení trenéra během cvičení na rovnováhu.,A closer look at the trainer's hands-on guidance during the balance sequence.,Ein näherer Blick auf die praktische Anleitung des Trainers während der Balanceübung.,_Rykovský_foto five konzept/Marianske-lazne-fit-32.jpg,"Near-duplicate of P131-P133, closest crop of the sequence"
/images/library/fitness/dynamic-stretch-closeup.jpg,fitness,dynamic-stretch-closeup,1600,1067,landscape,good,yes,yes,fitness stretching group gym-equipment portrait,"Detailní záběr na usmívající se mladou ženu se zdviženou paží při protahování, v pozadí rozostřená skupinová lekce.","Close view of a young woman stretching with arm raised, smiling, group session visible out of focus behind her.","Nahaufnahme einer jungen, lächelnden Frau mit erhobenem Arm beim Dehnen, im Hintergrund unscharf die Gruppenlektion.","Bližší, intimnější záběr téhož okamžiku protažení během skupinové lekce.","A closer, more intimate crop of the same stretching moment within the group class.","Ein näherer, intimerer Ausschnitt desselben Dehnmoments innerhalb der Gruppenlektion.",_Rykovský_foto five konzept/Marianske-lazne-fit-54.jpg,Near-duplicate of P150.
/images/library/fitness/dynamic-stretch-portrait.jpg,fitness,dynamic-stretch-portrait,1067,1600,portrait,good,yes,yes,fitness stretching group gym-equipment portrait,"Mladá žena v černém sportovním oblečení se protahuje se zdviženou paží, v pozadí rozostřená skupinová lekce.","Young woman in black activewear stretches with arm raised overhead, group exercise session blurred in the background.","Junge Frau in schwarzer Sportkleidung dehnt sich mit erhobenem Arm, im Hintergrund unscharf eine Gruppenübung.","Účastnice zvedá paži během protažení, zatímco skupinová lekce pokračuje kolem ní.",A participant reaches upward mid-stretch as the group session continues around her.,"Eine Teilnehmerin streckt den Arm nach oben, während die Gruppenübung um sie herum weitergeht.",_Rykovský_foto five konzept/Marianske-lazne-fit-53.jpg,Near-duplicate of P151.
/images/library/fitness/fascia-stretch-bench.jpg,fitness,fascia-stretch-bench,1600,1067,landscape,good,yes,yes,fitness stretching gym equipment interior training,"Žena sedí opřená na dřevěné lavici fasciálního stimulátoru, v pozadí obklad se cvičebním plakátem.","Woman seated on a wooden fascia-stimulator bench, leaning back, tiled wall with instructional poster behind her.","Frau sitzt zurückgelehnt auf einer hölzernen Faszienstimulator-Bank, im Hintergrund gefliester Wand mit Übungsposter.",Cvičení na uvolnění fascií na typickém dřevěném přístroji studia.,A guided fascia-release exercise on the studio's signature wooden apparatus.,Eine angeleitete Faszien-Übung am charakteristischen Holzgerät des Studios.,_Rykovský_foto five konzept/Marianske-lazne-fit-06.jpg,
/images/library/fitness/fitness-studio-portrait.jpg,fitness,fitness-studio-portrait,1067,1600,portrait,good,yes,yes,fitness gym training portrait interior equipment wellness,"Žena ve sportovním oblečení se opírá o dřevěný cvičební přístroj na fascie v obloženém fitness studiu, v pozadí nástěnné hodiny.","Woman in black activewear leaning on a wooden fascia-stretch apparatus in a tiled fitness studio, wall clock behind her.","Frau in schwarzer Sportkleidung lehnt an einem hölzernen Faszien-Trainingsgerät in einem gefliesten Fitnessstudio, im Hintergrund eine Wanduhr.","Mezi cviky ve studiu five, umístěném v historických obložených sálech Mariánských Lázní.","Between sets at the five fitness studio, set inside Mariánské Lázně's historic tiled halls.","Zwischen den Übungen im five-Fitnessstudio, untergebracht in den historischen gefliesten Hallen von Marienbad.",_Rykovský_foto five konzept/Marianske-lazne-fit-03.jpg,
/images/library/fitness/golfer-bunker-shot.jpg,fitness,golfer-bunker-shot,975,548,landscape,weak,no,yes,golf fitness lifestyle,"Golfista v modré čepici odpaluje míček z pískové bunkerové jamky, kolem se zvedá písek, v pozadí stromy.","Golfer in a blue cap hitting a ball out of a sand bunker, spray of sand, trees in the background.","Golfer mit blauer Kappe schlägt einen Ball aus einem Sandbunker, Sandwolke, Bäume im Hintergrund.",Slunečné kolo golfu doplňuje aktivní stránku pobytu v Mariánských Lázních.,A sunny round of golf rounds out the active side of a Marienbad stay.,Eine sonnige Golfrunde ergänzt die aktive Seite eines Marienbad-Aufenthalts.,Marianske Lazne (18).png,"Very low resolution (975x548 px), generic stock-photo look."
/images/library/fitness/golfer-sunset-swing.jpg,fitness,golfer-sunset-swing,1280,853,landscape,hero,yes,yes,golf fitness sunset lifestyle,"Golfista zachycený uprostřed švihu na fairwayi při zapadajícím slunci, v protisvětle na pozadí teplé oblohy.","Golfer captured mid-swing on a fairway at golden-hour sunset, backlit against a warm glowing sky.","Golfer beim Schwung auf dem Fairway im goldenen Abendlicht, hintergrundbeleuchtet vor warmem Sonnenuntergang.",Zlaté světlo na fairwayi korunuje odpoledne strávené golfem u Mariánských Lázní.,Golden light on the fairway rounds out an afternoon of golf near Marienbad.,Goldenes Licht auf dem Fairway krönt einen Golfnachmittag bei Marienbad.,golf-player-small.jpg,
/images/library/fitness/group-class-foreground.jpg,fitness,group-class-foreground,1600,1067,landscape,good,yes,yes,fitness group stretching gym-equipment historic-interior portrait,"Žena v oranžovém topu se protahuje se zdviženou paží v popředí, v pozadí pokračuje skupinová lekce cvičení.","Woman in orange top stretches with arm raised in the foreground, group exercise class continuing behind her.","Frau in orangefarbenem Top dehnt sich mit erhobenem Arm im Vordergrund, im Hintergrund läuft die Gruppenübung weiter.","Hostka v popředí se protahuje, zatímco skupinová lekce v pozadí pokračuje.",A guest in the foreground reaches into her stretch as the wider group class continues.,"Eine Gästin im Vordergrund streckt sich, während die Gruppenlektion im Hintergrund weiterläuft.",_Rykovský_foto five konzept/Marianske-lazne-fit-56.jpg,Near-duplicate of P152 and P154.
/images/library/fitness/group-class-wide.jpg,fitness,group-class-wide,1600,1067,landscape,good,yes,yes,fitness group stretching gym-equipment historic-interior portrait,Širší záběr na skupinovou lekci se ženou v oranžovém topu blízko kamery a dalšími cvičícími v pozadí.,Wide view of the group class with a woman in orange stretching close to camera and others training in the background.,Weite Ansicht der Gruppenlektion mit einer Frau in Orange nahe der Kamera und weiteren Trainierenden im Hintergrund.,Nejširší záběr série zachycuje plnou energii skupinové tréninkové lekce.,The widest crop of the sequence captures the full energy of the group training session.,Der weiteste Ausschnitt der Serie fängt die volle Energie der Gruppentrainingseinheit ein.,_Rykovský_foto five konzept/Marianske-lazne-fit-57.jpg,"Near-duplicate of P152 and P153, same class sequence."
/images/library/fitness/group-fitness-class.jpg,fitness,group-fitness-class,1600,963,landscape,good,yes,yes,fitness group stretching gym-equipment historic-interior personal-trainer,"Skupinová cvičební lekce s dřevěnými cvičebními rámy, více účastníků se protahuje v kachlovém historickém sále.","Group exercise class using wooden training frames, several participants stretching in a tiled historic hall.","Gruppentrainingskurs mit hölzernen Trainingsrahmen, mehrere Teilnehmer dehnen sich in einem gekachelten historischen Saal.",Celá skupinová lekce probíhá na několika dřevěných cvičebních stanicích v historickém sále.,A full group session unfolds across several wooden training stations in the historic hall.,Eine komplette Gruppeneinheit findet an mehreren hölzernen Trainingsstationen im historischen Saal statt.,_Rykovský_foto five konzept/Marianske-lazne-fit-55.jpg,"Near-duplicate of P153/P154, same class."
/images/library/fitness/guided-arm-extension.jpg,fitness,guided-arm-extension,1067,1600,portrait,good,yes,yes,fitness personal-trainer gym equipment,"Trenér a žena u stejného dřevěného nástěnného přístroje, paže natažená při vedeném cvičení na rovnováhu.","Trainer and woman at the same wooden wall apparatus, her arm extended in a guided balance exercise.","Trainer und Frau am selben hölzernen Wandgerät, ihr Arm ausgestreckt bei einer angeleiteten Balanceübung.",Další záběr vedeného cvičení na rovnováhu u nástěnného přístroje.,Another frame of the guided balance exercise at the wall-mounted apparatus.,Eine weitere Aufnahme der angeleiteten Balanceübung am wandmontierten Gerät.,_Rykovský_foto five konzept/Marianske-lazne-fit-29.jpg,Near-duplicate of P131
/images/library/fitness/guided-neck-stretch.jpg,fitness,guided-neck-stretch,1600,1067,landscape,good,yes,yes,fitness personal-trainer stretching historic-architecture interior,"Trenér vede ženu klečící na dřevěné plošině při protažení krku s pohledem vzhůru, ruce na její hlavě.","Trainer guides a woman kneeling on a wooden platform through a chin-up neck stretch, hands on her head.","Trainer leitet eine auf einer Holzplattform kniende Frau bei einer Nackendehnung mit Blick nach oben an, Hände am Kopf.",Vedené protažení krku pokračuje ve cvičební sekvenci v obložené nice.,A guided neck stretch continues the sequence in the tiled alcove.,Eine angeleitete Nackendehnung setzt die Übungsfolge in der gefliesten Nische fort.,_Rykovský_foto five konzept/Marianske-lazne-fit-17.jpg,"Near-duplicate of P121, same series"
/images/library/fitness/guided-side-stretch.jpg,fitness,guided-side-stretch,1067,1600,portrait,good,yes,yes,fitness personal-trainer stretching physiotherapy historic-interior portrait,Trenér v tyrkysové polokošili vede ženu při bočním předklonu vedle kachlových kamen v historické místnosti.,Trainer in a teal polo guides a woman through a forward side stretch beside a tiled stove in a historic spa room.,Trainer im türkisfarbenen Poloshirt leitet eine Frau bei einer seitlichen Vorwärtsdehnung neben einem gekachelten Ofen in einem historischen Kursraum an.,Vedené protažení v jedné z historických místností lázeňské budovy s původními kachlovými kamny v pozadí.,"A guided stretch in one of the historic spa building's period rooms, with the original tiled stove in the background.",Eine angeleitete Dehnübung in einem der historischen Räume mit originalem Kachelofen im Hintergrund.,_Rykovský_foto five konzept/Marianske-lazne-fit-44.jpg,
/images/library/fitness/head-neck-adjustment.jpg,fitness,head-neck-adjustment,1067,1600,portrait,good,yes,yes,fitness personal-trainer gym equipment portrait,"Trenér stojí za ženou u dřevěného nástěnného stojanu, ruce kolem její hlavy během cvičení na držení těla.","Trainer stands behind a woman by a wooden wall rack, hands framing her head during a posture exercise.","Trainer steht hinter einer Frau an einem hölzernen Wandregal, Hände um ihren Kopf während einer Haltungsübung.",Vedené cvičení na držení těla u nástěnného tréninkového stojanu studia.,A guided posture exercise at the studio's wall-mounted training rack.,Eine angeleitete Haltungsübung am wandmontierten Trainingsständer des Studios.,_Rykovský_foto five konzept/Marianske-lazne-fit-37.jpg,"Near-duplicate of P138, same setup, eyes open"
/images/library/fitness/high-five-full-scene.jpg,fitness,high-five-full-scene,1067,1600,portrait,hero,yes,yes,fitness personal-trainer high-five interior historic-architecture equipment,"Širokoúhlý záběr trenéra a ženy na dřevěném přístroji při plácnutí rukou, v pozadí celý historický sál.","Wide shot of a trainer and woman on a wooden apparatus sharing a high-five, full historic hall visible around them.","Weitwinkelaufnahme eines Trainers und einer Frau auf einem Holzgerät beim High-Five, der gesamte historische Saal im Hintergrund sichtbar.",Celá scéna studia se spojuje v tomto oslavném gestu plácnutí rukou.,The full scene of the studio comes together in this celebratory high-five.,Die gesamte Studioszene vereint sich in diesem feierlichen High-Five-Moment.,_Rykovský_foto five konzept/Marianske-lazne-fit-27.jpg,
/images/library/fitness/historic-pilates-studio.jpg,fitness,historic-pilates-studio,1600,1067,landscape,hero,yes,no,fitness pilates studio wellness historic-interior equipment,Dřevěný ladder barrel a reformer pro pilates stojí v teple osvětlené místnosti s secesními kachlemi a svíčkovými lucernami.,Wooden ladder-barrel and reformer-style Pilates equipment stand in a warmly lit room with Art Nouveau tiled walls and candle lanterns.,Ladder-Barrel und Reformer-ähnliches Pilates-Gerät stehen in einem warm beleuchteten Raum mit Jugendstil-Kacheln und Windlichtern.,Pilates vybavení v teplém svitu svíček proměňuje historickou kachlíkovou místnost v butikové studio.,Pilates equipment in warm candlelight turns a historic tiled room into a boutique studio.,Pilates-Geräte im warmen Kerzenlicht verwandeln einen historischen Kachelraum in ein Boutique-Studio.,_Rykovský_foto five konzept/Marianske-lazne-fit-01.jpg,small 'five' brand logo visible on wall poster/signage
/images/library/fitness/indoor-cycling-duo.jpg,fitness,indoor-cycling-duo,1600,900,landscape,good,yes,yes,fitness indoor-cycling spinning cardio gym group-fitness,Dvě ženy šlapou proti sobě na spinningových kolech v posilovně s nápisem 'FITNESS'.,Two women pedal indoor spin bikes facing each other in a gym marked 'FITNESS'.,Zwei Frauen trainieren einander gegenüber auf Indoor-Bikes in einem mit 'FITNESS' beschrifteten Fitnessraum.,Spinning tváří v tvář udržuje energii ve fitness studiu hotelu na vysoké úrovni.,A face-to-face spin session keeps energy high in the hotel's fitness studio.,Ein Spinning-Training von Angesicht zu Angesicht sorgt im Fitnessstudio des Hotels für Schwung.,foto Fitness and Nutrition/FitNut-4.jpg,
/images/library/fitness/joyful-high-five-crop.jpg,fitness,joyful-high-five-crop,1600,1067,landscape,good,yes,yes,fitness personal-trainer high-five portrait interior,"Žena se usmívá vzhůru k částečně viditelné zdvižené ruce, v popředí rozostřená záda trenéra v tyrkysovém tričku.","Woman smiles up at a partly visible raised hand, trainer's blurred back in a teal shirt in the foreground.","Frau blickt lächelnd zu einer teilweise sichtbaren erhobenen Hand auf, im Vordergrund unscharf der Rücken des Trainers im türkisfarbenen Shirt.",Spontánní okamžik těsně před gestem plácnutí rukou mezi trenérem a klientkou.,A candid moment building up to a high-five between trainer and client.,Ein spontaner Moment kurz vor dem High-Five zwischen Trainer und Klientin.,_Rykovský_foto five konzept/Marianske-lazne-fit-25.jpg,"Similar moment to P129, tighter crop"
/images/library/fitness/kneeling-chest-stretch.jpg,fitness,kneeling-chest-stretch,1067,1600,portrait,good,yes,yes,fitness personal-trainer stretching gym training,"Žena ve sportovním oblečení Nike klečí se zdviženýma rukama při protažení hrudníku, trenér jí drží ruce.",Woman in Nike sportswear kneels with arms raised in a chest stretch as her trainer holds her hands steady.,"Frau in Nike-Sportkleidung kniet mit erhobenen Armen bei einer Brustdehnung, der Trainer hält ihre Hände.",Přesné vedení trenéra při klečícím protažení otevírajícím hrudník.,Close guidance from a trainer during a kneeling chest-opening stretch.,Präzise Anleitung durch den Trainer bei einer kniend ausgeführten Brustöffnungsdehnung.,_Rykovský_foto five konzept/Marianske-lazne-fit-11.jpg,"Near-duplicate of P117, same setup"
/images/library/fitness/kneeling-stretch-hall.jpg,fitness,kneeling-stretch-hall,1067,1600,portrait,good,yes,yes,fitness gym historic-architecture interior training,Širokoúhlý záběr ženy klečící se zdviženýma rukama na dřevěném přístroji v historickém sále s obloukovými okny a nástěnnou obrazovkou.,Wide shot of a woman kneeling on a wooden apparatus with arms raised inside a historic hall with arched windows and a wall screen.,"Weitwinkelaufnahme einer Frau, die mit erhobenen Armen auf einem Holzgerät kniet, in einem historischen Saal mit Bogenfenstern und Wandbildschirm.",Fitness koncept se odehrává v jednom z honosných historických sálů lázeňského města.,The fitness concept unfolds inside one of the spa town's grand historic halls.,Das Fitnesskonzept entfaltet sich in einem der prachtvollen historischen Säle der Kurstadt.,_Rykovský_foto five konzept/Marianske-lazne-fit-13.jpg,
/images/library/fitness/ladder-stretch-session.jpg,fitness,ladder-stretch-session,1600,1067,landscape,good,yes,yes,fitness personal-trainer stretching physiotherapy historic-interior gym-equipment,"Trenér podpírá ženu při protahování vpřed na dřevěném rámu, širší záběr na kachlový cvičební sál.","Trainer supports a woman stretching forward on a wooden frame, wider view of the tiled exercise hall.","Trainer stützt eine Frau bei der Vorwärtsdehnung an einem Holzrahmen, weitere Ansicht des gekachelten Übungssaals.",V záběru je vidět celý cvičební sál s informačními panely a zrcadly na stěnách.,"The full training hall comes into view, with information panels and mirrors lining the walls.","Der gesamte Trainingssaal wird sichtbar, mit Infotafeln und Spiegeln an den Wänden.",_Rykovský_foto five konzept/Marianske-lazne-fit-48.jpg,Near-duplicate of P144.
/images/library/fitness/over-shoulder-stretch.jpg,fitness,over-shoulder-stretch,1600,1067,landscape,good,yes,yes,fitness personal-trainer stretching portrait interior,Pohled přes rameno rozostřeného trenéra na ostrou ženu provádějící protažení krku v obloženém sále.,Over-the-shoulder view of a blurred trainer with a woman in focus performing a neck stretch in the tiled hall.,"Blick über die Schulter eines unscharfen Trainers auf eine Frau im Fokus, die im gefliesten Saal eine Nackendehnung ausführt.",Intimní pohled přes rameno trenéra během vedeného protažení krku.,An intimate over-the-shoulder view of the guided neck stretch.,Eine intime Ansicht über die Schulter des Trainers während der angeleiteten Nackendehnung.,_Rykovský_foto five konzept/Marianske-lazne-fit-20.jpg,"Same series as P121/P122/P124/P126, artistic OTS crop"
/images/library/fitness/physio-posture-check.jpg,fitness,physio-posture-check,1067,1600,portrait,good,yes,yes,fitness personal-trainer posture physiotherapy gym portrait,Fyzioterapeut pokládá ruce na ramena mladé ženy a kontroluje její držení těla u žebřin v tréninkové místnosti.,Physiotherapist places hands on a young woman's shoulders while checking her posture at wooden wall bars in a training studio.,Physiotherapeut legt die Hände auf die Schultern einer jungen Frau und prüft ihre Haltung an der Sprossenwand im Trainingsraum.,"Než trénink začne, trenér zkontroluje držení těla a postavení ramen u žebřin.","Before any exercise begins, the trainer checks posture and shoulder alignment at the wall bars.","Bevor das Training beginnt, prüft der Trainer Haltung und Schulterstellung an der Sprossenwand.",_Rykovský_foto five konzept/Marianske-lazne-fit-39.jpg,Nike logo visible on client's shirt; small badge logo on trainer's shirt. Same session as P140/P141.
/images/library/fitness/pilates-studio-chair-arc.jpg,fitness,pilates-studio-chair-arc,1600,1076,landscape,good,yes,no,fitness pilates studio wellness historic-interior equipment,Čalouněná pilates židle a zakřivený barrel stojí u vysokých oken ve stejném kachlíkovém studiu osvětleném svíčkami.,A padded Pilates chair and curved barrel apparatus stand beside tall windows in the same tiled candlelit studio.,"Ein gepolsterter Pilates-Chair und ein gebogenes Barrel-Gerät stehen neben hohen Fenstern im selben gekachelten, kerzenerleuchteten Studio.",Denní světlo z vysokých oken se v tomto historickém pilates studiu snoubí se svitem svíček.,Daylight from tall windows meets candle glow in this historic Pilates studio.,Tageslicht durch hohe Fenster trifft auf Kerzenschein in diesem historischen Pilates-Studio.,_Rykovský_foto five konzept/Marianske-lazne-fit-02.jpg,small 'five' brand logo visible on wall poster/signage; same studio and lighting setup as P109 with different equipment in frame
/images/library/fitness/posture-assessment-closeup.jpg,fitness,posture-assessment-closeup,1600,1067,landscape,good,yes,yes,fitness personal-trainer posture physiotherapy gym portrait,"Fyzioterapeut drží ramena mladé ženy při kontrole postoje u žebřin, detailní záběr na obličej.","Physiotherapist holds a young woman's shoulders during a posture check at wooden wall bars, close framing on her face.","Physiotherapeut hält die Schultern einer jungen Frau bei der Haltungskontrolle an der Sprossenwand, Nahaufnahme des Gesichts.",Pozorné vyšetření: každá lekce začíná pečlivým pohledem na držení těla.,Attentive assessment: every session starts with a careful look at posture and alignment.,Aufmerksame Analyse: Jede Einheit beginnt mit einem genauen Blick auf Haltung und Ausrichtung.,_Rykovský_foto five konzept/Marianske-lazne-fit-42.jpg,"Near-duplicate of P139 and P140 - same session, same subjects."
/images/library/fitness/seated-fascia-stretch.jpg,fitness,seated-fascia-stretch,1600,1067,landscape,good,yes,yes,fitness stretching gym equipment interior,"Žena se opírá na dřevěné lavici fasciálního stimulátoru s rukama opřenýma po obou stranách, v pozadí obložená stěna studia.","Woman leaning back on a wooden fascia-stimulator bench with hands braced on either side, tiled studio wall behind.","Frau lehnt sich auf einer hölzernen Faszienstimulator-Bank zurück, Hände beidseitig abgestützt, im Hintergrund gefliester Studiowand.","Další záběr cvičení na fascie, součást konceptu aktivní regenerace studia.","Another angle of the fascia-release routine, part of the studio's active-recovery concept.","Eine weitere Ansicht der Faszien-Übung, Teil des Active-Recovery-Konzepts des Studios.",_Rykovský_foto five konzept/Marianske-lazne-fit-08.jpg,"Same apparatus and pose family as P113, different crop"
/images/library/fitness/senior-side-stretch.jpg,fitness,senior-side-stretch,1114,1600,portrait,good,yes,yes,fitness senior stretching physiotherapy gym-equipment portrait,Starší žena v květovaném tričku se protahuje do strany na dřevěném cvičebním rámu se zdviženou paží.,"Senior woman in a floral top stretches sideways on a wooden gymnastics frame, arm raised overhead.","Ältere Frau in geblümter Bluse dehnt sich seitlich an einem hölzernen Turngerät, Arm über dem Kopf gehoben.",Starší hostka pracuje na flexibilitě a pohyblivosti páteře pomocí dřevěného cvičebního rámu.,A senior guest works on flexibility and spinal mobility using the wooden exercise frame.,Eine ältere Gästin arbeitet mit dem hölzernen Übungsrahmen an Beweglichkeit und Wirbelsäulenmobilität.,_Rykovský_foto five konzept/Marianske-lazne-fit-49.jpg,"Near-duplicate of P147 and P148, same pose and session."
/images/library/fitness/senior-stretch-mirror.jpg,fitness,senior-stretch-mirror,1094,1600,portrait,good,yes,yes,fitness senior stretching physiotherapy gym-equipment group,"Starší žena se protahuje do strany na dřevěném cvičebním rámu, v zrcadle za ní jsou vidět další dva účastníci.","Senior woman stretches sideways on a wooden exercise frame, with two more participants reflected in a mirror behind.","Ältere Frau dehnt sich seitlich an einem hölzernen Übungsrahmen, im Spiegel dahinter sind zwei weitere Teilnehmer zu sehen.","V pozadí zrcadla odhalují zbytek skupiny, jak pokračuje ve stejném protahovacím cviku.","In the background, mirrors reveal the rest of the group continuing the same stretching exercise.","Im Hintergrund zeigen die Spiegel, wie der Rest der Gruppe dieselbe Dehnübung fortsetzt.",_Rykovský_foto five konzept/Marianske-lazne-fit-51.jpg,Near-duplicate of P146 and P147.
/images/library/fitness/senior-stretch-trainer.jpg,fitness,senior-stretch-trainer,1600,1067,landscape,good,yes,yes,fitness senior stretching physiotherapy gym-equipment group personal-trainer,"Starší žena se protahuje do strany na dřevěném rámu, poblíž na ni dohlíží trenér v tyrkysovém tričku.",Senior woman stretches sideways on the wooden frame while a trainer in teal looks on nearby.,"Ältere Frau dehnt sich seitlich am Holzrahmen, während ein Trainer im türkisfarbenen Shirt in der Nähe zusieht.","Trenér zůstává nablízku, zatímco hosté společně provádí sérii protahovacích cviků.",A trainer stays close by as guests work through the stretching sequence together.,"Ein Trainer bleibt in der Nähe, während die Gäste die Dehnübungen gemeinsam durchführen.",_Rykovský_foto five konzept/Marianske-lazne-fit-52.jpg,Same setting/session as P146-P148.
/images/library/fitness/senior-stretch-wide.jpg,fitness,senior-stretch-wide,1600,1067,landscape,good,yes,yes,fitness senior stretching physiotherapy gym-equipment historic-interior,"Starší žena se protahuje do strany na dřevěném cvičebním rámu, širší záběr na kachlovou tréninkovou místnost.","Senior woman stretches sideways on a wooden exercise frame, wider shot showing the tiled training room.","Ältere Frau dehnt sich seitlich an einem hölzernen Übungsrahmen, weiterer Ausschnitt des gekachelten Trainingsraums.",Širší záběr ukazuje celé dřevěné nářadí a historické kachlové stěny místnosti.,The wider view shows the full wooden apparatus and the room's period tiled walls.,Die weitere Ansicht zeigt das komplette Holzgerät und die historischen Kachelwände des Raumes.,_Rykovský_foto five konzept/Marianske-lazne-fit-50.jpg,Near-duplicate of P146 and P148.
/images/library/fitness/smiling-fitness-portrait.jpg,fitness,smiling-fitness-portrait,1067,1600,portrait,good,yes,yes,fitness gym training portrait interior equipment,Žena ve sportovním oblečení se usmívá a opírá o dřevěný cvičební přístroj ve fitness studiu.,Woman in black sportswear smiling while resting on a wooden training apparatus in a spa-town fitness studio.,"Frau in schwarzer Sportkleidung lächelt, während sie sich auf einem hölzernen Trainingsgerät im Fitnessstudio abstützt.",Uvolněný okamžik během tréninku v rámu původních secesních obkladů studia.,"A relaxed moment mid-session, framed by the studio's original Art Nouveau tilework.","Ein entspannter Moment während des Trainings, gerahmt von den originalen Jugendstilfliesen des Studios.",_Rykovský_foto five konzept/Marianske-lazne-fit-04.jpg,"Near-duplicate of P111, same setup and outfit"
/images/library/fitness/socks-on-roller.jpg,fitness,socks-on-roller,1600,1067,landscape,good,yes,yes,fitness detail equipment gym interior,Detail chodidel v černých ponožkách opřených o polstrovaný váleček dřevěného cvičebního přístroje.,Close-up of feet in black socks resting on a padded roller of a wooden fitness apparatus.,Nahaufnahme von Füßen in schwarzen Socken auf einer gepolsterten Rolle eines hölzernen Trainingsgeräts.,Klidný detail z tréninku fascií – chodidla v ponožkách na polstrovaném válečku přístroje.,"A quiet detail from the fascia-training routine, sock-clad feet resting on the equipment's padded roller.",Ein ruhiges Detail aus dem Faszientraining: bestrumpfte Füße auf der gepolsterten Rolle des Geräts.,_Rykovský_foto five konzept/Marianske-lazne-fit-07.jpg,
/images/library/fitness/solo-overhead-stretch.jpg,fitness,solo-overhead-stretch,1600,1067,landscape,good,yes,yes,fitness gym stretching equipment portrait,"Žena sama u dřevěného nástěnného přístroje se zdviženýma pažemi nad hlavou, na dřevěném panelu viditelné malé logo five.","Woman alone at the wooden wall apparatus, both arms raised overhead, small five logo visible on the wood panel.","Frau allein am hölzernen Wandgerät, beide Arme über dem Kopf erhoben, kleines five-Logo auf der Holzplatte sichtbar.","Sólové protažení u nástěnného přístroje, v pozadí nenápadně logo five.","A solo stretch at the wall apparatus, the five logo quietly marking the studio's identity.","Eine solo ausgeführte Dehnübung am Wandgerät, das five-Logo dezent im Hintergrund.",_Rykovský_foto five konzept/Marianske-lazne-fit-35.jpg,five studio logo visible on wooden panel
/images/library/fitness/standing-arm-reach.jpg,fitness,standing-arm-reach,1067,1600,portrait,good,yes,yes,fitness personal-trainer gym equipment historic-architecture,"Trenér vede ženu stojící u dřevěného cvičebního přístroje s jednou paží nataženou, v pozadí historický sál s obloukovým oknem.","Trainer guides a woman standing at a wooden apparatus with one arm reaching out, historic hall with arched window behind.","Trainer leitet eine Frau an einem hölzernen Trainingsgerät an, ein Arm ausgestreckt, im Hintergrund historischer Saal mit Bogenfenster.","Cvičení na rovnováhu vestoje, vedené trenérem na nástěnném přístroji studia.",A standing balance exercise guided by a trainer on the studio's wall-mounted apparatus.,"Eine stehende Balanceübung, angeleitet vom Trainer am wandmontierten Gerät des Studios.",_Rykovský_foto five konzept/Marianske-lazne-fit-28.jpg,Part of a near-identical four-frame sequence with P132/P133/P134
/images/library/fitness/stretch-in-tiled-alcove.jpg,fitness,stretch-in-tiled-alcove,1163,1600,portrait,hero,yes,yes,fitness personal-trainer stretching historic-architecture interior,Trenér vede protažení krku ženy na dřevěné plošině ve zdobeném obloženém oblouku historického sálu.,Trainer guides a woman's neck stretch on a wooden platform inside an ornate tiled archway of the historic hall.,Trainer leitet eine Nackendehnung einer Frau auf einer Holzplattform in einem verzierten gefliesten Torbogen des historischen Saals an.,Obložený oblouk rámuje vedené protažení krku a ramen v historickém sále.,The tiled archway frames a guided neck-and-shoulder release in the historic hall.,Der geflieste Torbogen rahmt eine angeleitete Nacken-Schulter-Übung im historischen Saal.,_Rykovský_foto five konzept/Marianske-lazne-fit-19.jpg,Same series as P121/P122/P125/P126
/images/library/fitness/trainer-assisted-stretch.jpg,fitness,trainer-assisted-stretch,1600,1067,landscape,good,yes,yes,fitness personal-trainer stretching physiotherapy historic-interior gym-equipment,Trenér přidržuje ženu předklánějící se na dřevěném cvičebním rámu v místnosti se zelenou kachlovou stěnou a obloukovými okny.,Trainer braces a woman bent forward over a wooden training frame in a room with green tiled wall and arched windows.,Trainer stützt eine nach vorne gebeugte Frau an einem hölzernen Trainingsgerät in einem Raum mit grüner Kachelwand und Bogenfenstern.,Individuální protahovací lekce v historickém cvičebním sále s výraznými zelenými kachlovými obklady.,A one-to-one stretching session in the historic exercise hall with its distinctive green ceramic tiling.,Eine Eins-zu-eins-Dehneinheit im historischen Übungssaal mit der markanten grünen Keramikverfliesung.,_Rykovský_foto five konzept/Marianske-lazne-fit-47.jpg,"Near-duplicate of P145, same session as P143."
/images/library/fitness/trainer-client-smile.jpg,fitness,trainer-client-smile,1600,1067,landscape,hero,yes,yes,fitness personal-trainer portrait stretching interior,"Trenér a žena se na sebe vřele usmívají, jeho ruce na jejích ramenou, po vedeném protažení v obloženém sále.","Trainer and woman both smiling warmly, his hands on her shoulders, after a guided stretch in the tiled hall.","Trainer und Frau lächeln sich herzlich an, seine Hände auf ihren Schultern, nach einer angeleiteten Dehnübung im gefliesten Saal.",Upřímný úsměv mezi trenérem a klientkou po sezení vedeného protahování.,A genuine smile shared between trainer and client after a session of guided stretching.,Ein herzliches Lächeln zwischen Trainer und Klientin nach einer Sitzung angeleiteter Dehnübungen.,_Rykovský_foto five konzept/Marianske-lazne-fit-21.jpg,Same series as P121/P122/P124/P125
/images/library/fitness/trainer-group-session.jpg,fitness,trainer-group-session,1600,900,landscape,good,yes,yes,fitness personal-trainer group-fitness functional-training resistance-bands gym,"Trenér předvádí cvik s odporovou gumou na žebřinách, účastníci sledují a cvičí s ním.",A trainer demonstrates a resistance-band exercise on a wall ladder frame as gym members watch and follow.,"Ein Trainer zeigt an einer Sprossenwand eine Übung mit Widerstandsband, während Teilnehmer zusehen und mitmachen.",Osobní trenér vede ve fitness studiu funkční trénink v malé skupině.,A personal trainer leads a small-group functional-training session in the fitness studio.,Ein Personal Trainer leitet im Fitnessstudio ein funktionelles Gruppentraining in kleiner Runde.,foto Fitness and Nutrition/FitNut-6.jpg,
/images/library/fitness/trainer-high-five.jpg,fitness,trainer-high-five,1600,1067,landscape,hero,yes,yes,fitness personal-trainer high-five interior historic-architecture,Trenér a žena si s úsměvem plácnou rukama před zdobenou obloženou stěnou s viditelným malým logem five.,"Trainer and woman share a high-five, both smiling, in front of an ornate tiled wall with a small five logo visible.",Trainer und Frau geben sich lächelnd ein High-Five vor einer verzierten gefliesten Wand mit sichtbarem kleinen five-Logo.,Okamžik plácnutí rukou shrnuje energickou atmosféru tréninkových lekcí ve studiu.,A high-five moment sums up the energetic spirit of the studio's training sessions.,Ein High-Five-Moment fasst die energiegeladene Atmosphäre der Trainingseinheiten im Studio zusammen.,_Rykovský_foto five konzept/Marianske-lazne-fit-26.jpg,five studio logo faintly visible on wall poster; similar moment to P128
/images/library/fitness/trainer-neck-alignment.jpg,fitness,trainer-neck-alignment,1600,1067,landscape,good,yes,yes,fitness personal-trainer posture physiotherapy gym portrait,Fyzioterapeut zvedá ruku u hlavy mladé ženy při posuzování držení krku a ramen u žebřin.,Physiotherapist raises a hand near a young woman's head while assessing neck and shoulder posture at wall bars.,"Physiotherapeut hebt die Hand nahe dem Kopf einer jungen Frau, um Nacken- und Schulterhaltung an der Sprossenwand zu beurteilen.",Detailnější pohled na vyšetření postoje se zaměřením na krk a ramena.,"A closer look at posture assessment, focusing on neck and shoulder alignment.",Ein genauerer Blick auf die Haltungsanalyse mit Fokus auf Nacken und Schultern.,_Rykovský_foto five konzept/Marianske-lazne-fit-40.jpg,"Near-duplicate of P139 and P141 - same session, same subjects."
/images/library/fitness/trainer-shoulder-guidance.jpg,fitness,trainer-shoulder-guidance,1600,1067,landscape,good,yes,yes,fitness personal-trainer stretching historic-architecture interior,Trenér v polo tričku s logem Ensana stojí za ženou s rukama na jejích ramenou a vede protažení vsedě před zdobenou obloženou nikou.,"Trainer with an Ensana-branded polo shirt stands behind a woman, hands on her shoulders, guiding a seated stretch by an ornate tiled niche.","Trainer in Poloshirt mit Ensana-Logo steht hinter einer Frau, Hände auf ihren Schultern, und leitet eine sitzende Dehnübung vor einer verzierten gefliesten Nische an.",Trenér vede protažení ramen a krku vsedě ve zdobené obložené nice studia.,A trainer guides a seated shoulder-and-neck release in the studio's ornate tiled alcove.,Ein Trainer leitet eine sitzende Schulter-Nacken-Übung in der kunstvoll gefliesten Nische des Studios an.,_Rykovský_foto five konzept/Marianske-lazne-fit-16.jpg,Ensana logo visible on trainer's shirt; part of a stretch series with P122/P124/P125/P126
/images/library/fitness/trainer-side-stretch.jpg,fitness,trainer-side-stretch,1067,1600,portrait,hero,yes,yes,fitness personal-trainer stretching gym interior training,"Trenér v tyrkysovém polo tričku pomáhá usmívající se ženě s bočním protažením na dřevěném přístroji, nad nimi hodiny.","Trainer in a teal polo assists a smiling woman in a side stretch on a wooden apparatus, wall clock above.","Trainer im türkisfarbenen Poloshirt unterstützt eine lächelnde Frau bei einer seitlichen Dehnung an einem Holzgerät, darüber eine Wanduhr.","Osobní trenér vede boční protažení, jedno z typických mobilizačních cvičení studia.","A personal trainer guides a side stretch, one of the studio's signature mobility exercises.","Ein Personal Trainer leitet eine seitliche Dehnung an, eine der charakteristischen Mobilitätsübungen des Studios.",_Rykovský_foto five konzept/Marianske-lazne-fit-09.jpg,
/images/library/fitness/wide-shot-stretch-hall.jpg,fitness,wide-shot-stretch-hall,1600,1048,landscape,good,yes,yes,fitness gym historic-architecture interior training,Podélný záběr ženy protahující se na dřevěném přístroji v historickém obloženém sále s obloukovými okny.,Landscape view of a woman stretching on a wooden apparatus inside a historic tiled hall with arched windows.,Querformataufnahme einer Frau bei einer Dehnübung auf einem Holzgerät in einem historischen gefliesten Saal mit Bogenfenstern.,Další pohled na stejné protažení na pozadí původní architektury sálu.,"A wider view of the same stretch, set against the hall's original architecture.",Eine weitere Perspektive derselben Dehnübung vor der originalen Architektur des Saals.,_Rykovský_foto five konzept/Marianske-lazne-fit-15.jpg,"Near-duplicate of P119, alternate orientation/crop of the same shot"
/images/library/fitness/wide-standing-stretch.jpg,fitness,wide-standing-stretch,1600,1067,landscape,good,yes,yes,fitness personal-trainer gym equipment historic-architecture,"Trenér a žena u dřevěného nástěnného přístroje, širší pohled na cvičení na rovnováhu v historickém sále.","Trainer and woman at a wooden wall apparatus, wider view of the balance exercise in the historic hall.","Trainer und Frau an einem hölzernen Wandgerät, weiterer Blick auf die Balanceübung im historischen Saal.",Širší pohled na cvičení na rovnováhu uprostřed historického prostředí studia.,"A wider view of the balance exercise, set within the studio's historic surroundings.",Ein weiterer Blick auf die Balanceübung inmitten der historischen Umgebung des Studios.,_Rykovský_foto five konzept/Marianske-lazne-fit-31.jpg,Near-duplicate of P131/P132
/images/library/hotels/blue-barstools-closeup.jpg,hotels,blue-barstools-closeup,1600,1067,landscape,good,yes,yes,hotels interior detail,"Detail modře čalouněných barových stoliček u hotelového baru, v pozadí rozostřená šachovnicová podlaha a zrcadlová stěna.","Close-up of blue upholstered barstools at a hotel bar counter, checkerboard floor and mirrored wall in soft focus behind.","Nahaufnahme blau gepolsterter Barhocker an einer Hoteltheke, Schachbrettboden und Spiegelwand im Hintergrund unscharf.","Vkusné detaily u hotelového baru, připravené na večerní drink.","Refined details at the hotel bar, ready for an evening drink.","Feine Details an der Hotelbar, bereit für einen Abenddrink.",marienbad-13.jpg,"A blurred figure is faintly visible in the background reflection, not identifiable."
/images/library/hotels/grand-hotel-facade.jpg,hotels,grand-hotel-facade,1600,1067,landscape,hero,yes,no,hotel facade architecture exterior street historic,Krémově bílá novobarokní lázeňská budova se strmou mansardovou střechou a vikýři pod jasně modrou oblohou.,Cream and white neo-Baroque spa hotel with a steep mansard roof and dormers under a clear blue sky.,Cremeweißes neobarockes Kurhotel mit steilem Mansarddach und Gauben unter klarem blauem Himmel.,Honosná lázeňská budova se tyčí nad klidnou ulicí v Mariánských Lázních za jasného letního odpoledne.,A grand spa-era hotel rises above a quiet street in Mariánské Lázně on a bright summer afternoon.,Ein prachtvolles Kurhotel erhebt sich an einer ruhigen Straße in Marienbad an einem strahlenden Sommertag.,marienbad-15.jpg,
/images/library/hotels/grand-lobby-archway.jpg,hotels,grand-lobby-archway,1600,1076,landscape,hero,yes,no,hotel lobby reception architecture interior,"Zdobený bílo-zlatý oblouk rámující hotelovou recepci v pozadí, s vzorovaným kobercem.","Ornate white and gold archway framing a hotel reception desk beyond, with a patterned carpet floor.","Verzierter weiß-goldener Torbogen, der den dahinterliegenden Hotelempfang rahmt, mit gemustertem Teppichboden.",Zlacené štukové oblouky vedou hosty ve vstupní hale tohoto grandhotelu k recepci.,Gilded stucco arches usher guests toward the reception in this grand hotel's entrance hall.,Vergoldete Stuckbögen geleiten die Gäste in der Eingangshalle dieses Grandhotels zum Empfang.,marienbad-24.jpg,
/images/library/hotels/grandhotel-pacifik-exterior.jpg,hotels,grandhotel-pacifik-exterior,1600,1066,landscape,hero,yes,no,hotel facade exterior architecture statue,Žlutá novobarokní hotelová budova s nápisem 'Grandhotel Pacifik' a sochami na střeše pod jasnou oblohou.,Yellow neo-Baroque hotel building with 'Grandhotel Pacifik' signage and rooftop statues under a clear sky.,Gelbes neobarockes Hotelgebäude mit dem Schriftzug 'Grandhotel Pacifik' und Dachfiguren unter klarem Himmel.,Zdobená žlutá fasáda a sochy na střeše Grandhotelu Pacifik zachycují poledne slunce.,The Grandhotel Pacifik's ornate yellow facade and rooftop statues catch the midday sun.,Die verzierte gelbe Fassade und die Dachfiguren des Grandhotel Pacifik fangen die Mittagssonne ein.,marienbad-5.jpg,Named hotel signage ('Grandhotel Pacifik') visible on the building.
/images/library/hotels/grandhotel-pacifik-rooftop.jpg,hotels,grandhotel-pacifik-rooftop,1600,1066,landscape,good,yes,no,hotel statue rooftop detail signage,"Detail střechy Grandhotelu Pacifik s okřídlenými sochami, hodinami a nápisem 'Grandhotel Pacifik'.","Close-up of the Grandhotel Pacifik's rooftop with winged statues, a clock and 'Grandhotel Pacifik' signage.","Nahaufnahme des Daches des Grandhotel Pacifik mit geflügelten Statuen, einer Uhr und dem Schriftzug 'Grandhotel Pacifik'.",Okřídlené bronzové postavy a věžní hodiny korunují Grandhotel Pacifik nad korunami stromů.,Winged bronze figures and a rooftop clock crown the Grandhotel Pacifik above the treetops.,Geflügelte Bronzefiguren und eine Turmuhr krönen das Grandhotel Pacifik über den Baumwipfeln.,marienbad-6.jpg,"Named hotel signage visible; near-duplicate composition of P075 (same rooftop, same angle)."
/images/library/hotels/hotel-lobby-bar.jpg,hotels,hotel-lobby-bar,1600,1046,landscape,good,yes,no,hotel lobby bar interior,"Hotelový lobby bar s pruhovanými křesly, kulatými stolky, klavírem a televizí na zdi.","Hotel lobby bar with striped armchairs, round tables, a grand piano and a wall-mounted television.","Hotel-Lobbybar mit gestreiften Sesseln, runden Tischen, einem Flügel und einem wandmontierten Fernseher.",Klidný lobby bar s klavírem zve hosty k odpočinku po dni plném procedur.,A quiet lobby bar with a grand piano invites guests to unwind after a day of treatments.,"Eine ruhige Lobbybar mit Flügel lädt die Gäste ein, nach einem Tag voller Anwendungen zu entspannen.",marienbad-23.jpg,"Furnishings and TV look dated; useful only for supporting gallery content, not a hero shot."
/images/library/hotels/hotel-lobby-mezzanine.jpg,hotels,hotel-lobby-mezzanine,1600,1321,landscape,good,yes,no,hotel lobby interior chandelier,"Galerie hotelové haly s kovaným zábradlím, lustry a bystami na podstavcích.","Hotel lobby mezzanine with wrought-iron balustrade, chandeliers and sculpted busts on pedestals.","Hotellobby-Galerie mit schmiedeeisernem Geländer, Kronleuchtern und Büsten auf Sockeln.",Kované zábradlí a lustry rámují pohled dolů do haly grandhotelu.,Wrought-iron balustrades and chandeliers frame the view down into a grand hotel's lobby.,Schmiedeeiserne Geländer und Kronleuchter rahmen den Blick hinab in die Lobby eines Grandhotels.,marienbad-9.jpg,
/images/library/hotels/hotel-lounge-bar-seating.jpg,hotels,hotel-lounge-bar-seating,1600,1089,landscape,weak,no,no,hotels interior lifestyle,"Hotelový salonek s křesly s květinovým čalouněním, kulatými stolky a malým barovým pultem se stoličkami, velká okna s průsvitnými závěsy.","Hotel lounge with floral-upholstered armchairs, round tables, and a small bar counter with stools, large windows with sheer curtains.","Hotellounge mit geblümt gepolsterten Sesseln, runden Tischen und einer kleinen Bartheke mit Hockern, große Fenster mit transparenten Vorhängen.",Klidný kout na kávu nebo drink mezi lázeňskými procedurami.,A quiet corner for coffee or a drink between spa appointments.,Eine ruhige Ecke für Kaffee oder einen Drink zwischen den Kuranwendungen.,marienbad-11.jpg,Dated 1990s/2000s furnishings and styling.
/images/library/hotels/hotel-reception-lobby.jpg,hotels,hotel-reception-lobby,1600,1068,landscape,hero,yes,no,hotels interior architecture,"Elegantní hotelová recepce se šachovnicovou mramorovou podlahou, křišťálovým lustrem, zlaceným recepčním pultem a modře čalouněným sezením.","Elegant hotel reception lobby with a checkerboard marble floor, crystal chandelier, gilded reception desk, and blue upholstered seating.","Elegante Hotellobby mit Schachbrettmuster-Marmorboden, Kristallleuchter, vergoldetem Empfangstresen und blau gepolsterten Sitzmöbeln.",Šachovnicový mramor a křišťálové světlo naladí hosty hned při příchodu.,Checkerboard marble and crystal light set the tone the moment guests arrive.,Schachbrettmarmor und Kristallglanz stimmen die Gäste schon beim Eintreffen ein.,marienbad-12.jpg,
/images/library/hotels/hotel-reception-lobby-02.jpg,hotels,hotel-reception-lobby-02,1600,1011,landscape,good,yes,no,hotel lobby reception interior,"Hotelová hala se sloupy, dřevěnou recepcí s nápisem 'RECEPCE' a vínově červeným kobercem.","Hotel lobby with columns, wooden reception desk labeled 'RECEPCE', and burgundy carpet.","Hotellobby mit Säulen, hölzernem Empfangstresen mit der Aufschrift 'RECEPCE' und bordeauxrotem Teppich.",Jemně osvětlená hala vede hosty pod zaoblenými sloupy k recepčnímu pultu.,A softly lit lobby leads guests toward the reception desk beneath rounded columns.,Eine sanft beleuchtete Lobby führt die Gäste unter runden Säulen zum Empfangstresen.,marienbad-22.jpg,"Interior styling reads somewhat dated (carpet pattern, lighting)."
/images/library/hotels/pacifik-rooftop-detail.jpg,hotels,pacifik-rooftop-detail,1600,1066,landscape,good,yes,no,hotel statue rooftop detail signage,"Detail střechy Grandhotelu Pacifik s okřídlenými sochami, hodinami a nápisem 'Grandhotel Pacifik'.","Close-up of the Grandhotel Pacifik's rooftop with winged statues, clock and 'Grandhotel Pacifik' signage.","Nahaufnahme des Daches des Grandhotel Pacifik mit geflügelten Statuen, Uhr und dem Schriftzug 'Grandhotel Pacifik'.",Okřídlené bronzové postavy shlížejí ze střechy Grandhotelu Pacifik na okolní domy.,Winged bronze figures watch over the rooftops from atop the Grandhotel Pacifik.,Geflügelte Bronzefiguren wachen von den Türmen des Grandhotel Pacifik über die Dächer.,mb_29_B.jpg,"Same subject, framing and resolution as P070 — near-identical duplicate; keep only one in final selects."
/images/library/hotels/robed-guests-historic-hall.jpg,hotels,robed-guests-historic-hall,1600,1067,landscape,good,yes,yes,hotel robe interior architecture relaxation couple,Žena a muž v bílých županech odpočívají na lavicích v honosném historickém interiéru hotelu se svícemi.,A woman and man in white spa robes relax on benches in an ornate historic hotel interior with candles.,Eine Frau und ein Mann in weißen Bademänteln entspannen auf Bänken in einem prunkvollen historischen Hotelinterieur mit Kerzen.,Hosté odpočívají v županech mezi zlacenými interiéry historického lázeňského hotelu v Mariánských Lázních.,Guests unwind in bathrobes amid the gilded interiors of a historic Mariánské Lázně spa hotel.,Gäste entspannen im Bademantel inmitten der goldverzierten Innenräume eines historischen Marienbader Kurhotels.,02_kabina.jpg,Dated styling
/images/library/lifestyle/arms-raised-celebration.jpg,lifestyle,arms-raised-celebration,1600,1067,landscape,good,yes,yes,lifestyle portrait fitness wellness,"Detailní portrét usmívající se ženy se široce rozevřenýma rukama, v rozostřeném pozadí dveře s logem studia five.","Close portrait of a smiling woman with arms raised wide, blurred doorway with the five studio logo behind her.","Nahporträt einer lächelnden Frau mit weit erhobenen Armen, im unscharfen Hintergrund die Tür mit dem five-Studio-Logo.",Radostná póza vystihuje energii fitness konceptu five.,A joyful pose captures the energy of the five fitness concept.,Eine freudige Pose fängt die Energie des five-Fitnesskonzepts ein.,_Rykovský_foto five konzept/Marianske-lazne-fit-23.jpg,five studio logo clearly visible on background signage
/images/library/lifestyle/close-up-neck-stretch.jpg,lifestyle,close-up-neck-stretch,1600,1067,landscape,good,yes,yes,lifestyle portrait stretching fitness,Detailní portrét ženy se zkříženýma rukama na hrudi a zdviženou bradou během protažení na rozostřeném obloženém pozadí.,"Close portrait of a woman with arms crossed at her chest, chin lifted, mid-stretch against a blurred tiled backdrop.",Nahporträt einer Frau mit vor der Brust gekreuzten Armen und erhobenem Kinn während einer Dehnübung vor unscharfem gefliesten Hintergrund.,"Soustředěný okamžik během protažení, zachycený v detailním portrétu.","A focused moment mid-stretch, captured in close portrait.","Ein konzentrierter Moment während der Dehnübung, in Nahaufnahme festgehalten.",_Rykovský_foto five konzept/Marianske-lazne-fit-18.jpg,Tight portrait crop from the same stretch series as P121/P122/P124-126
/images/library/lifestyle/couple-ballroom-dance.jpg,lifestyle,couple-ballroom-dance,1600,900,landscape,weak,no,yes,couple romance lifestyle,"Pár se objímá v prosluněném, zamlženém sále s lustry, muž líbá ženě ruku.","Couple embracing closely in a hazy, sunlit ballroom with chandeliers, man kissing woman's hand.","Ein Paar umarmt sich eng in einem sonnendurchfluteten Ballsaal mit Kronleuchtern, der Mann küsst die Hand der Frau.","Tichý, romantický okamžik se odehrává pod lustry v jemně osvětleném sále.","A quiet, romantic moment unfolds beneath chandeliers in a softly lit ballroom.","Ein stiller, romantischer Moment entfaltet sich unter Kronleuchtern in einem sanft beleuchteten Ballsaal.",romantic-days.jpg,"Staged, hazy generic stock photograph; not tied to any identifiable Marienbad interior."
/images/library/lifestyle/family-sunset-field.jpg,lifestyle,family-sunset-field,1500,1000,landscape,weak,no,yes,family lifestyle,Silueta dvou rodičů houpajících dítě za ruce na travnaté louce při západu slunce.,Silhouette of two parents swinging a child by the hands in a grassy field at sunset.,"Silhouette zweier Eltern, die ein Kind an den Händen über eine Wiese bei Sonnenuntergang schwingen.","Rodina si užívá hravý okamžik ve zlatém světle, ruce spojené proti zapadajícímu slunci.","A family shares a playful moment in golden light, hands joined against the setting sun.","Eine Familie genießt einen verspielten Moment im goldenen Licht, die Hände vereint vor der untergehenden Sonne.",rodinná dovolená.jpg,"Generic backlit stock photograph, no connection to a specific location; low resolution (1500x1000)."
/images/library/lifestyle/profile-portrait-studio.jpg,lifestyle,profile-portrait-studio,1600,1241,landscape,good,yes,yes,lifestyle portrait fitness interior,"Detailní portrét ženy z profilu ve sportovním oblečení, v rozostřeném pozadí obklad se cvičebními plakáty.","Close side-profile portrait of a woman in black sportswear, blurred tiled wall with instructional posters behind her.","Nahes Seitenprofilporträt einer Frau in schwarzer Sportkleidung, im unscharfen Hintergrund gefliese Wand mit Übungsplakaten.",Tichý profilový portrét zachycuje soustředěný klid mezi cviky.,A quiet profile portrait captures the calm focus between exercises.,Ein ruhiges Profilporträt fängt die konzentrierte Ruhe zwischen den Übungen ein.,_Rykovský_foto five konzept/Marianske-lazne-fit-36.jpg,
/images/library/lifestyle/purple-relaxation-lounge.jpg,lifestyle,purple-relaxation-lounge,1080,1080,square,hero,yes,yes,lifestyle relaxation interior modern lighting robe,Žena v županu sedí na vyhřívaném lehátku v atmosférické fialově osvětlené relaxační lounge s modrým světelným pruhem.,"A woman in a robe sits on a heated lounger in a moody, purple-lit relaxation lounge with a glowing blue light strip.",Eine Frau im Bademantel sitzt auf einer beheizten Liege in einer stimmungsvoll violett beleuchteten Ruhelounge mit blauem Lichtstreifen.,Moderní relaxační lounge zalitá fialovým světlem nabízí soudobý protipól k historickým mariánskolázeňským lázním.,A modern relaxation lounge bathed in violet light offers a contemporary counterpoint to Marienbad's historic baths.,Eine moderne Ruhelounge in violettem Licht bildet einen zeitgenössischen Kontrast zu Marienbads historischen Bädern.,1106.png,"Faint text/logo visible in mirror reflection, may need cropping before use"
/images/library/lifestyle/towel-back-grand-hall.jpg,lifestyle,towel-back-grand-hall,1069,1600,portrait,hero,yes,yes,lifestyle architecture historic towel interior,"Žena zezadu, zahalená do bílého ručníku, sedí na mramorové římse ve velkolepém zlatém sále.","A woman seen from behind, wrapped in a white towel, sits on a marble ledge in a grand gilded hall.","Eine Frau von hinten, in ein weißes Handtuch gehüllt, sitzt auf einer Marmorbank in einem prächtigen goldverzierten Saal.",Odhalená ramena a zlacené stěny zachycují tichý luxus historických mariánskolázeňských lázeňských síní.,Bare shoulders and gilded walls capture the quiet luxury of Marienbad's historic bathing halls.,Nackte Schultern und goldverzierte Wände fangen den stillen Luxus der historischen Marienbader Badehallen ein.,19_kabina.jpg,
/images/library/lifestyle/towel-portrait-tiled-wall.jpg,lifestyle,towel-portrait-tiled-wall,1067,1600,portrait,good,yes,yes,lifestyle portrait towel interior relaxation,Blonďatá žena zabalená do bílého ručníku stojí s úsměvem před vzorovanou obkladovou stěnou.,A blonde woman wrapped in a white towel stands smiling against a patterned tiled wall.,"Eine blonde Frau, in ein weißes Handtuch gehüllt, steht lächelnd vor einer gemusterten Fliesenwand.",Čerstvě po koupeli se host zastaví na portrét před klasickou mariánskolázeňskou obkladovou kulisou.,"Fresh from the bath, a guest pauses for a portrait against Marienbad's classic tiled backdrop.",Frisch aus dem Bad hält ein Gast für ein Porträt vor der klassischen Marienbader Fliesenkulisse inne.,12_mineralni_koupele.jpg,
/images/library/lifestyle/woman-dandelion-field.jpg,lifestyle,woman-dandelion-field,1280,853,landscape,weak,no,yes,lifestyle wellness,Mladá žena s kudrnatými vlasy fouká semínka z pampelišky na slunném poli.,Young woman with curly hair blowing seeds off a dandelion in a sunlit field.,Junge Frau mit lockigem Haar pustet Samen von einer Pusteblume auf einem sonnigen Feld.,"Jemný nádech rozptýlí semínka pampelišky, malá metafora lehkého, volného dýchání.","A gentle breath scatters dandelion seeds, a small metaphor for easy, open breathing.",Ein sanfter Atemzug lässt Pusteblumensamen fliegen – ein kleines Sinnbild für freies Atmen.,respiratory-recovery .jpg,"Generic stock photograph, no connection to a specific spa or treatment; low resolution (1280x853)."
/images/library/lifestyle/woman-emerging-thermal-pool.jpg,lifestyle,woman-emerging-thermal-pool,1280,829,landscape,good,yes,yes,lifestyle water fitness wellness,"Žena v bílých plavkách se vynořuje z tyrkysového termálního bazénu, z pozdvižených rukou jí stéká voda, v pozadí mozaikový okraj bazénu.","Woman in a white swimsuit emerging from a turquoise thermal pool, water streaming from her raised hands, mosaic pool edge visible.","Frau im weißen Badeanzug taucht aus einem türkisfarbenen Thermalbecken auf, Wasser läuft von ihren erhobenen Händen, Mosaikbeckenrand im Hintergrund.",Osvěžující ponor do termální vody jako součást každodenní wellness rutiny.,"A refreshing plunge in thermal water, part of the daily wellness routine.",Ein erfrischender Sprung ins Thermalwasser als Teil der täglichen Wellness-Routine.,immunity-booster.jpg,
/images/library/mineral-bath/antique-spa-journal-candle.jpg,mineral-bath,antique-spa-journal-candle,1071,1600,portrait,hero,yes,no,mineral-bath history detail interior candle,Hořící svíčka vedle antické kožené knihy s názvem „Marienbad Bade-Journal“ položené na okraji měděné minerální vany.,Lit candle beside an antique leather-bound book titled 'Marienbad Bade-Journal' resting on the edge of a copper mineral bathtub.,Brennende Kerze neben einem antiken Lederbuch mit dem Titel „Marienbad Bade-Journal“ auf dem Rand einer kupfernen Mineralwanne.,Historický lázeňský deník Marienbad připomíná více než stoletou tradici zdejších lázní.,A historic Marienbad bathing journal recalls a spa tradition well over a century old.,Ein historisches Marienbader Bade-Journal erinnert an eine über hundertjährige Kurtradition.,29_mineralni_koupele.jpg,Visible antique prop text reads 'Marienbad Bade-Journal'.
/images/library/mineral-bath/bald-man-stained-glass-bath.jpg,mineral-bath,bald-man-stained-glass-bath,1321,1600,portrait,good,yes,yes,mineral-bath balneotherapy therapist stained-glass interior,Terapeutka pečuje o muže odpočívajícího v minerální koupeli pod vitrážovým oknem.,A therapist attends to a man reclining in a mineral bath beneath a stained-glass window.,"Eine Therapeutin betreut einen Mann, der in einem Mineralbad unter einem Buntglasfenster liegt.",Teplé světlo a vitráž tvoří kulisu pro klasickou minerální koupel pro muže.,Warm light and stained glass set the scene for a classic mineral bath treatment for men.,Warmes Licht und Buntglas bilden die Kulisse für ein klassisches Mineralbad für Herren.,07_mineralni_koupele.jpg,Lower resolution than most in this set
/images/library/mineral-bath/baroque-hall-wide-angle.jpg,mineral-bath,baroque-hall-wide-angle,1600,1071,landscape,hero,yes,yes,architecture interior historic mineral-bath detail,"Širokoúhlý pohled na honosnou historickou lázeňskou síň s vyřezávaným dřevěným nábytkem a malovaným klenutým stropem, v pozadí žena v županu.","Wide-angle view of an ornate historic bath hall with carved wooden furniture and a painted vaulted ceiling, a robed woman seated in the background.","Weitwinkelansicht einer prunkvollen historischen Badehalle mit geschnitzten Holzmöbeln und bemalter Gewölbedecke, im Hintergrund eine Frau im Bademantel.",Vyřezávaný dub a malované klenby připomínají zlatou éru mariánskolázeňských lázeňských síní.,Carved oak and painted vaults recall the golden age of Mariánské Lázně's bathing halls.,Geschnitztes Eichenholz und bemalte Gewölbe erinnern an die goldene Ära der Marienbader Badehallen.,13_kabina.jpg,
/images/library/mineral-bath/blonde-champagne-tub.jpg,mineral-bath,blonde-champagne-tub,1600,1067,landscape,good,yes,yes,mineral-bath champagne couple historic interior,"Blonďatá žena relaxuje ve starobylé vaně, vedle stolek se šampaňským, v pozadí je vidět další koupající se host.","A blonde woman relaxes in a vintage bath tub with champagne set on a nearby table, another bather visible behind.","Eine blonde Frau entspannt in einer historischen Badewanne, daneben ein Tisch mit Champagner, im Hintergrund ein weiterer Badegast.","Společný zážitek z minerální koupele se šampaňským po ruce, v jedné z historických mariánskolázeňských lázeňských místností.","A shared mineral bath experience, champagne close at hand, in one of Marienbad's historic spa rooms.","Ein gemeinsames Mineralbad-Erlebnis mit Champagner in Reichweite, in einem der historischen Marienbader Kurräume.",16_mineralni_koupele.jpg,
/images/library/mineral-bath/blonde-white-tub-jug.jpg,mineral-bath,blonde-white-tub-jug,1600,1067,landscape,good,yes,yes,mineral-bath interior historic water relaxation,Blonďatá žena relaxuje v bílé vaně na minerální koupel pod malým stolkem s dekorativním džbánem.,A blonde woman relaxes in a white mineral bath tub beneath a small table holding a decorative jug.,Eine blonde Frau entspannt in einer weißen Mineralbadewanne unter einem kleinen Tisch mit einem dekorativen Krug.,Prostá elegance: minerální koupel orámovaná vzorovanými obklady a ručně malovaným džbánem.,Simple elegance: a mineral bath framed by patterned tile and a hand-painted jug.,"Schlichte Eleganz: ein Mineralbad, gerahmt von gemusterten Fliesen und einem handbemalten Krug.",17_mineralni_koupele.jpg,
/images/library/mineral-bath/brass-valve-murky-bath.jpg,mineral-bath,brass-valve-murky-bath,1065,1600,portrait,weak,no,yes,mineral-bath detail interior water,"Velký mosazný ventil v popředí, v pozadí žena odpočívající v kalné minerální vodě v zeleně obloženém koupelně.",Large brass valve in the foreground with a woman resting in cloudy mineral water in a green-tiled bathroom behind it.,"Großes Messingventil im Vordergrund, dahinter eine Frau in trübem Mineralwasser in einem grün gefliesten Baderaum.",Za historickou technikou dodnes hosté podstupují minerální kúru stejně jako generace před nimi.,"Behind the historic plumbing, guests still take the mineral cure as generations before them.",Hinter der historischen Technik nehmen Gäste noch heute die Mineralkur wie schon frühere Generationen.,31_mineralni_koupele.jpg,"Dim, murky water color, soft focus, dated overall look."
/images/library/mineral-bath/bronze-fountain-mask.jpg,mineral-bath,bronze-fountain-mask,1600,1067,landscape,good,yes,no,mineral-bath fountain spa-treatment historic detail,"Bronzová maska chrliče, ze které proudí minerální voda do obloženého bazénu vedle mramorové patky sloupu.",Bronze mask spout pouring mineral water into a tiled bath pool beside a marble column base.,"Bronzene Maskentülle, aus der Mineralwasser in ein gekacheltes Badebecken neben einem Marmorsäulensockel fließt.",Bronzová maska chrliče vede minerální vodu do historického bazénu s tichou elegancí.,A bronze mask spout channels mineral water into the historic bath pool with quiet ceremony.,Eine bronzene Maskentülle leitet Mineralwasser mit stiller Eleganz in das historische Badebecken.,marienbad-2.jpg,
/images/library/mineral-bath/candlelit-marble-tub.jpg,mineral-bath,candlelit-marble-tub,1600,1042,landscape,hero,yes,yes,mineral-bath candle historic interior romantic,Blonďatá žena relaxuje v tmavé mramorové vaně obklopené hořícími svíčkami a vzorovanou tapetou.,A blonde woman relaxes in a dark marble bath tub flanked by lit candles and patterned wallpaper.,"Eine blonde Frau entspannt in einer dunklen Marmorbadewanne, flankiert von brennenden Kerzen und gemusterter Tapete.",Svíčky a teplá minerální voda vytvářejí intimní rituál v historické koupelně.,Candles and warm mineral water create an intimate ritual in a historic bathing room.,Kerzen und warmes Mineralwasser schaffen ein intimes Ritual in einem historischen Baderaum.,18_kabina.jpg,
/images/library/mineral-bath/champagne-tub-relax.jpg,mineral-bath,champagne-tub-relax,1600,1067,landscape,hero,yes,yes,mineral-bath champagne romantic interior historic water,Muž odpočívá v bílé vaně na minerální koupel vedle stolku s šampaňským a skleničkami v historické obkladové místnosti.,A man relaxes in a white mineral bath tub beside a table set with champagne and glasses in a tiled historic room.,Ein Mann entspannt in einer weißen Mineralbadewanne neben einem Tisch mit Champagner und Gläsern in einem historischen Fliesenraum.,Šampaňské v chladicím kbelíku mění minerální koupel v hýčkající rituál pro dva.,Champagne on ice turns a mineral bath into an indulgent ritual for two.,Champagner auf Eis macht aus dem Mineralbad ein verwöhnendes Ritual zu zweit.,14_mineralni_koupele.jpg,
/images/library/mineral-bath/co2-apparatus-tub.jpg,mineral-bath,co2-apparatus-tub,1600,1057,landscape,good,yes,yes,mineral-bath co2 historic interior detail,Muž odpočívá ve starobylé vaně vedle mosazného přístroje pro minerální koupel v obkladové historické koupelně.,A man rests in a vintage tub beside a brass mineral bath apparatus in a tiled historic bathing room.,Ein Mann ruht in einer historischen Wanne neben einem Messing-Apparat für das Mineralbad in einem gefliesten historischen Baderaum.,Historické mosazné přístroje dodnes rámují zážitek z minerální koupele v mariánskolázeňských lázeňských domech.,Vintage brass apparatus still frames the mineral bath experience in Marienbad's historic bathhouses.,Historische Messingapparate prägen bis heute das Mineralbad-Erlebnis in Marienbads historischen Badehäusern.,15_mineralni_koupele.jpg,
/images/library/mineral-bath/copper-faucet-detail.jpg,mineral-bath,copper-faucet-detail,1600,1071,landscape,good,yes,no,mineral-bath detail interior water,"Detail antické měděné vodovodní baterie s ruční sprchou, v pozadí rozostřená vana a ručník.","Close-up of an antique copper bathtub faucet with a handheld shower head, tub and towel softly blurred behind it.","Nahaufnahme einer antiken Kupfer-Wannenarmatur mit Handbrause, dahinter unscharf Wanne und Handtuch.","Vyleštěná měděná armatura, drobný detail připomínající generace lázeňského řemesla.","Polished copper fittings, a small detail that hints at generations of spa craftsmanship.","Poliertes Kupferbeschlag – ein kleines Detail, das von Generationen handwerklicher Bäderkunst erzählt.",28_mineralni_koupele.jpg,
/images/library/mineral-bath/couple-champagne-toast-bath.jpg,mineral-bath,couple-champagne-toast-bath,1600,1067,landscape,hero,yes,yes,mineral-bath couple champagne senior lifestyle bathtub,"Muž v minerální vaně přiťukává sklenkou šampaňského se ženou v županu sedící vedle něj, teplé sépiové tóny.","Man in a mineral bathtub raises a champagne glass to a woman in a bathrobe seated beside him, warm sepia tones.","Mann in einer Mineralwanne stößt mit einer Frau im Bademantel an, die neben ihm sitzt, warme Sepiatöne.",Přípitek mezi procedurami – lázeňský den se mění ve společný požitek pro dva.,A toast between treatments — the spa day becomes a shared indulgence for two.,Ein Anstoßen zwischen den Anwendungen – der Wellnesstag wird zum gemeinsamen Genuss für zwei.,22_mineralni_koupele.jpg,
/images/library/mineral-bath/empty-hydrotherapy-tub-room.jpg,mineral-bath,empty-hydrotherapy-tub-room,1600,1067,landscape,weak,no,no,mineral-bath hydrotherapy interior empty-room,"Prázdná místnost s lázeňskou vanou, skříní, oranžovým pultem a modrými stupínky, bez osob.","Empty spa tub room with a wardrobe cabinet, orange counter and blue accent steps, no people present.","Leerer Kurbaderaum mit Kleiderschrank, orangefarbener Ablage und blauen Stufen, ohne Personen.","Místnost s lázeňskou vanou, prázdná mezi jednotlivými procedurami.","The treatment bath room, empty between sessions.","Der Behandlungsraum mit Wanne, leer zwischen den Anwendungen.",Leceni klasicke procedury/Underwater massage (2).jpg,Establishing shot within the underwater-massage set (P177-P186).
/images/library/mineral-bath/empty-soaking-tub.jpg,mineral-bath,empty-soaking-tub,1600,1060,landscape,weak,no,no,mineral-bath interior bathtub empty-room,Prázdná bílá oválná vana v lázeňské koupelně se žaluziemi v broskvové barvě a pokojovou rostlinou.,Empty white oval soaking tub in a spa bathroom with peach striped blinds and a potted plant.,Leere weiße ovale Wanne in einem Kurbadezimmer mit pfirsichfarbenen Lamellenvorhängen und einer Topfpflanze.,Soukromá vana v jedné z léčebných koupelen lázeňského domu.,A private soaking tub in one of the spa house's treatment bathrooms.,Eine private Badewanne in einem der Behandlungsräume des Kurhauses.,Leceni klasicke procedury/Neapol Spa department (1).JPG,"Dated interior styling, no visible branding confirming the Neapol name."
/images/library/mineral-bath/fresco-hall-portrait.jpg,mineral-bath,fresco-hall-portrait,1197,1600,portrait,hero,yes,yes,architecture historic fresco mineral-bath interior,"Žena zabalená do ručníku sedí u mramorové vany ve velkolepém sále s freskami, malovaným stropem a mramorovými sloupy.",A woman wrapped in a towel sits by a marble tub in a grand frescoed hall with painted ceilings and marble columns.,Eine in ein Handtuch gehüllte Frau sitzt an einer Marmorwanne in einem prächtigen freskengeschmückten Saal mit bemalter Decke und Marmorsäulen.,Freskami zdobené stropy a mramorové sloupy mění obyčejnou koupel v okamžik naprosté velkoleposti.,Frescoed ceilings and marble columns turn a simple bath into a moment of pure grandeur.,Freskengeschmückte Decken und Marmorsäulen verwandeln ein einfaches Bad in einen Moment voller Pracht.,14_kabina.jpg,
/images/library/mineral-bath/gold-hall-marble-tub.jpg,mineral-bath,gold-hall-marble-tub,1262,1600,portrait,hero,yes,yes,architecture historic mineral-bath interior gold,Žena odpočívá v tmavé mramorové vaně v honosném zlatavě laděném sále se sloupy a zdobenými nástěnnými panely.,A woman relaxes in a dark marble bath tub within an opulent gold-toned hall with columns and ornate wall panels.,Eine Frau entspannt in einer dunklen Marmorbadewanne in einem opulenten goldfarbenen Saal mit Säulen und verzierten Wandpaneelen.,Zlacené stěny a mramorové sloupy dělají z této lázeňské síně jeden z nejhonosnějších interiérů města.,Gilded walls and marble columns make this bathing hall one of the town's most opulent interiors.,Vergoldete Wände und Marmorsäulen machen diese Badehalle zu einem der prunkvollsten Innenräume der Stadt.,15_kabina.jpg,
/images/library/mineral-bath/grand-thermal-bath-hall.jpg,mineral-bath,grand-thermal-bath-hall,1600,1061,landscape,hero,yes,no,mineral-bath architecture colonnade interior water,"Velkolepý neorenesanční sál termálních lázní s červenými mramorovými sloupy, klenutým stropem a dvěma mozaikovými bazény, bez návštěvníků.","Grand neo-Renaissance thermal bath hall with red marble columns, arched ceiling, and two mosaic-tiled pools, no visitors present.","Prachtvolle Thermalbadehalle im Neorenaissance-Stil mit roten Marmorsäulen, Bogendecke und zwei mosaikgefliesten Becken, ohne Besucher.",Mramorové sloupy a klenuté oblouky rámují historické bazény lázeňského domu.,Marble columns and vaulted arches frame the historic pools of the bathhouse.,Marmorsäulen und Bogengewölbe rahmen die historischen Becken des Badehauses.,marienbad-1.jpg,
/images/library/mineral-bath/historic-bath-hall.jpg,mineral-bath,historic-bath-hall,1600,1067,landscape,hero,yes,yes,mineral-bath historic-bath pool architecture,Žena v bílých plavkách stojící na schodech v historické kupolovité lázeňské hale se sloupy a bazénem se skleněným dnem.,Woman in a white swimsuit standing on steps in a historic domed bath hall with columns and a glass-floored pool.,Frau im weißen Badeanzug auf Stufen in einer historischen Kuppel-Badehalle mit Säulen und einem Becken mit Glasboden.,Párou prostoupenými sloupovými halami historických lázní vystupuje hostka z bazénu.,Steam rises through the colonnaded halls of a historic bathhouse as a guest steps from the pool.,"Dampf steigt durch die von Säulen gesäumten Hallen eines historischen Badehauses, während ein Gast aus dem Becken steigt.",marienbad-4.jpg,
/images/library/mineral-bath/indoor-pool-ceiling.jpg,mineral-bath,indoor-pool-ceiling,1600,1067,landscape,hero,yes,no,pool wellness mineral-bath interior,"Krytý bazén s modrým hvězdicovým medailonem na stropě, lehátky a kruhovým vzorem dlažby.","Indoor swimming pool with a blue starburst ceiling medallion, loungers and a circular tiled floor pattern.","Hallenbad mit blauem Sternmedaillon an der Decke, Liegen und kreisförmigem Bodenmuster aus Fliesen.",Výrazný modrý stropní medailon korunuje tento moderní krytý bazén lemovaný lehátky.,A striking blue ceiling medallion crowns this modern indoor pool lined with loungers.,"Ein auffälliges blaues Deckenmedaillon krönt dieses moderne Hallenbad, gesäumt von Liegen.",mb-30.jpg,
/images/library/mineral-bath/indoor-thermal-pool.jpg,mineral-bath,indoor-thermal-pool,1600,1104,landscape,hero,yes,no,pool wellness mineral-bath interior,"Světlý krytý bazén se světlíkem, mramorovým sloupem a řadami lehátek pod obloukovými okny.","Bright indoor pool with skylight, marble column and rows of loungers beneath arched windows.","Helles Hallenbad mit Oberlicht, Marmorsäule und Liegereihen unter Bogenfenstern.",Denní světlo proudí obloukovými okny do klidného krytého bazénu lemovaného lehátky.,Daylight pours through arched windows onto a calm indoor pool lined with loungers.,"Tageslicht flutet durch Bogenfenster in ein ruhiges Hallenbad, gesäumt von Liegen.",marienbad-3.jpg,
/images/library/mineral-bath/man-eyes-closed-marble.jpg,mineral-bath,man-eyes-closed-marble,1600,1067,landscape,hero,yes,yes,mineral-bath relaxation historic interior water,Muž leží se zavřenýma očima v tmavé mramorové vaně v obkladové historické místnosti s vyřezávanou dřevěnou skříní.,A man reclines with eyes closed in a dark marble bath tub in a tiled historic room with a carved wooden cabinet.,Ein Mann liegt mit geschlossenen Augen in einer dunklen Marmorbadewanne in einem gefliesten historischen Raum mit geschnitztem Holzschrank.,"Naprostý klid v mramorové vaně, orámovaný vyřezávaným dřevem a vzorovanými obklady.","Complete stillness in a marble bath, framed by carved woodwork and patterned tile.","Vollkommene Ruhe im Marmorbad, umrahmt von geschnitztem Holzwerk und gemusterten Fliesen.",17_kabina.jpg,
/images/library/mineral-bath/man-relaxed-copper-tub.jpg,mineral-bath,man-relaxed-copper-tub,1600,1067,landscape,good,yes,yes,mineral-bath balneotherapy bathtub relaxation senior interior,"Muž se zavřenýma očima odpočívá v měděné minerální vaně, v pozadí obklad lázeňské místnosti.","Man with eyes closed relaxing in a copper mineral bathtub, tiled spa wall in the background.","Mann mit geschlossenen Augen entspannt in einer kupfernen Mineralwanne, gefliester Wellnessraum im Hintergrund.","Zavřené oči, uvolněné svaly – chvíle naprostého klidu v minerální koupeli.","Eyes closed, muscles loosening — a moment of pure stillness in the mineral bath.","Augen geschlossen, Muskeln lösen sich – ein Moment völliger Stille im Mineralbad.",20_mineralni_koupele.jpg,"Near-duplicate of P029, same subject and setting."
/images/library/mineral-bath/man-smiling-mineral-bath.jpg,mineral-bath,man-smiling-mineral-bath,1600,1067,landscape,good,yes,yes,mineral-bath bathtub senior relaxation interior,"Usmívající se muž se dívá vzhůru, zatímco odpočívá ve dřevěné minerální vaně.",Man smiling and looking upward while relaxing in a wooden mineral bathtub.,"Lächelnder Mann blickt nach oben, während er in einer hölzernen Mineralwanne entspannt.",Chvíle pohody a dobré nálady v teple minerální koupele.,A moment of ease and good humor in the warmth of the mineral bath.,Ein Moment der Gelassenheit und guten Laune in der Wärme des Mineralbads.,26_mineralni_koupele.jpg,"Near-duplicate of P034, same tub and setting."
/images/library/mineral-bath/man-towel-wrap-mineral-bath.jpg,mineral-bath,man-towel-wrap-mineral-bath,1067,1600,portrait,good,yes,yes,mineral-bath balneotherapy bathtub senior interior,Ruce upravují bílý ručník za hlavou a krkem muže odpočívajícího v minerální vaně.,Hands wrapping a white towel behind a man's head and neck as he relaxes in a mineral bathtub.,"Hände legen einem Mann ein weißes Handtuch hinter Kopf und Nacken, während er in einer Mineralwanne entspannt.","Pohodlí do posledního detailu, zatímco minerální koupel končí.","Comfort down to the last detail, as the mineral bath draws to a close.","Komfort bis ins letzte Detail, während das Mineralbad zu Ende geht.",33_mineralni_koupele.jpg,"Companion image to P043, same series and style."
/images/library/mineral-bath/man-tub-champagne-cart.jpg,mineral-bath,man-tub-champagne-cart,1600,1065,landscape,good,yes,yes,mineral-bath bathtub champagne senior lifestyle interior,Muž v měděné vaně sahá po míse s ovocem vedle dřevěného vozíku s chlazeným šampaňským a květinami.,Man in a copper bathtub reaching toward a fruit bowl beside a wooden cart with chilling champagne and flowers.,Mann in einer Kupferwanne greift nach einer Obstschale neben einem Holzwagen mit kühlendem Champagner und Blumen.,"Ovoce, květiny a chlazené šampaňské mění minerální koupel v rozmazlující rituál.","Fruit, flowers and chilled champagne turn the mineral bath into an indulgent ritual.","Obst, Blumen und gekühlter Champagner machen aus dem Mineralbad ein verwöhnendes Ritual.",27_mineralni_koupele.jpg,
/images/library/mineral-bath/man-wooden-tub-fruit-bowl.jpg,mineral-bath,man-wooden-tub-fruit-bowl,1600,1067,landscape,good,yes,yes,mineral-bath bathtub senior relaxation interior,"Muž se zavřenýma očima odpočívá ve dřevěné minerální vaně, v popředí naaranžovaná jablka a pomeranče.","Man relaxing with eyes closed in a wooden mineral bathtub, apples and oranges arranged in the foreground.","Mann mit geschlossenen Augen entspannt in einer hölzernen Mineralwanne, im Vordergrund Äpfel und Orangen.","Čerstvé ovoce a teplá minerální voda – drobné rituály, které koupel dotvářejí.",Fresh fruit and warm mineral water — small rituals that round out the bathing experience.,"Frisches Obst und warmes Mineralwasser – kleine Rituale, die das Baderlebnis abrunden.",24_mineralni_koupele.jpg,"Same tub and props as P033, different bather."
/images/library/mineral-bath/mineral-bath-candlelit-tub.jpg,mineral-bath,mineral-bath-candlelit-tub,1600,1067,landscape,hero,yes,yes,mineral-bath balneotherapy candles tiled-wall towel water hands,Žena zahalená do ručníku sedí na okraji tmavé minerální vany vedle svíček a ozdobně obložené zdi a chytá do dlaně padající vodu.,"A towel-wrapped woman sits on the edge of a dark mineral bath tub beside candles and an ornately tiled wall, catching falling water in her hand.",Eine in ein Handtuch gehüllte Frau sitzt am Rand einer dunklen Mineralbadewanne neben Kerzen und einer kunstvoll gefliesten Wand und fängt fallendes Wasser in der Hand auf.,"Světlo svíček a mozaikové obklady vytvářejí u minerální vany teplou, kontemplativní atmosféru.","Candlelight and mosaic tiles set a warm, contemplative mood beside the mineral bath.","Kerzenschein und Mosaikfliesen schaffen eine warme, besinnliche Stimmung an der Mineralbadewanne.",08_A_Mineral Bath/Mineral_Bath-3_B.jpg,
/images/library/mineral-bath/mineral-bath-close-crop.jpg,mineral-bath,mineral-bath-close-crop,1600,1067,landscape,good,yes,yes,mineral-bath bathtub relaxation senior water hands,Detailní záběr starší ženy se zavřenýma očima a sepjatýma rukama relaxující v minerální koupeli.,"Close view of a senior woman with eyes closed, hands folded, relaxing in a mineral bath.","Nahaufnahme einer älteren Frau mit geschlossenen Augen und gefalteten Händen, entspannt im Mineralbad.","Bližší pohled na klid, který se dostaví během teplé minerální koupele.",A closer look at the calm that settles in during a warm mineral bath.,"Ein näherer Blick auf die Ruhe, die sich beim warmen Mineralbad einstellt.",11_mineralni_koupele.jpg,"Same subject/tub as P010 and P011, tighter crop"
/images/library/mineral-bath/mineral-bath-elegant-back.jpg,mineral-bath,mineral-bath-elegant-back,1067,1600,portrait,hero,yes,yes,mineral-bath towel portrait elegant interior atmosphere,"Žena s odhalenými zády k fotoaparátu, zahalená do drapovaného bílého ručníkového roucha, hledí na zarámovanou fotografii západu slunce vedle minerální vany.","A woman with her bare back to the camera, wrapped in a draped white towel gown, gazes at a framed sunset photo beside the mineral bath.","Eine Frau mit unbedecktem Rücken zur Kamera, gehüllt in ein drapiertes weißes Handtuchgewand, blickt auf ein gerahmtes Sonnenuntergangsfoto neben dem Mineralbad.","Elegantní, tichý okamžik u minerální vany v jemném odpoledním světle.","An elegant, quiet moment beside the mineral bath, framed by soft afternoon light.","Ein eleganter, stiller Moment neben dem Mineralbad, eingefangen im sanften Nachmittagslicht.",Minerální koupel_Neapol/MK Neapol (3).jpg,
/images/library/mineral-bath/mineral-bath-eyes-closed.jpg,mineral-bath,mineral-bath-eyes-closed,1600,1067,landscape,good,yes,yes,mineral-bath bathtub relaxation water portrait,"Žena se zavřenýma očima relaxuje v minerální koupeli, paži opřenou o okraj vany.","A woman with eyes closed relaxes in a mineral bath, arm resting on the tub's edge.","Eine Frau mit geschlossenen Augen entspannt in einem Mineralbad, den Arm auf dem Wannenrand.","Hluboká relaxace v teplé minerální koupeli, typická procedura mariánskolázeňské lázeňské tradice.","Deep relaxation in a warm mineral bath, a signature treatment of the Mariánské Lázně spa tradition.",Tiefe Entspannung im warmen Mineralbad – eine Signaturbehandlung der Marienbader Kurtradition.,05_mineralni_koupele.jpg,Similar mood/setup to P005
/images/library/mineral-bath/mineral-bath-grab-bar.jpg,mineral-bath,mineral-bath-grab-bar,1600,1067,landscape,good,yes,yes,mineral-bath balneotherapy therapist bathtub spa-treatment water,"Terapeutka podpírá ručníkem hlavu ženy, která se koupe v minerální vaně s madlem na stěně.",A therapist supports a woman's head with a towel as she soaks in a mineral bath with a wall grab bar.,"Eine Therapeutin stützt mit einem Handtuch den Kopf einer Frau, die in einem Mineralbad mit Wandhaltegriff badet.",Teplá minerální voda a pečlivá péče charakterizují klasickou balneoterapeutickou koupel v Mariánských Lázních.,"Warm, mineral-rich water and attentive care define the classic balneotherapy bath in Mariánské Lázně.","Warmes, mineralreiches Wasser und aufmerksame Betreuung prägen das klassische Balneotherapie-Bad in Marienbad.",03_mineralni_koupele.jpg,"Near-duplicate of P003, same session"
/images/library/mineral-bath/mineral-bath-hand-water-detail.jpg,mineral-bath,mineral-bath-hand-water-detail,1600,1067,landscape,good,yes,yes,mineral-bath balneotherapy detail hands water candles,"Detail ruky zachycující padající vodu nad tmavou minerální vanou, v pozadí neostře žena v ručníku a obložená zeď.","Close-up of a hand catching falling water above a dark mineral bath tub, with a towel-wrapped figure and tiled wall softly visible.","Nahaufnahme einer Hand, die fallendes Wasser über einer dunklen Mineralbadewanne auffängt, im Hintergrund unscharf eine Person im Handtuch und gefliester Wand.",Jediná kapka minerální vody v tomto intimním detailním záběru zachycuje světlo.,A single drop of mineral water catches the light in this intimate detail shot.,Ein einzelner Tropfen Mineralwasser fängt in dieser intimen Detailaufnahme das Licht.,08_A_Mineral Bath/Mineral_Bath-4_B.jpg,"Tight crop detail of P205, same session"
/images/library/mineral-bath/mineral-bath-historic-hall.jpg,mineral-bath,mineral-bath-historic-hall,1600,1067,landscape,hero,yes,yes,mineral-bath balneotherapy historic-interior towel backlit atmosphere interior,"Širší pohled do tmavého historického koupelnového sálu se zdobenou tapetou, kde žena zahalená do ručníku lije vodu vedle vysokého okna.","A wide view of a dim, ornately papered historic bath hall as a towel-wrapped woman pours water beside a tall arched window.","Weiter Blick in einen dunklen, historischen Badesaal mit reich verzierter Tapete, während eine Frau im Handtuch neben einem hohen Bogenfenster Wasser gießt.",Velkorysost historického koupelnového sálu dodává na vznešenosti intimnímu rituálu.,The scale of the historic bath hall lends grandeur to an intimate ritual.,Die Größe des historischen Badesaals verleiht dem intimen Ritual eine besondere Erhabenheit.,08_A_Mineral Bath/Mineral_Bath-2.jpg,"Near-duplicate tighter crop is P203, same session"
/images/library/mineral-bath/mineral-bath-lily-rim.jpg,mineral-bath,mineral-bath-lily-rim,1600,1048,landscape,good,yes,yes,mineral-bath bathtub flower relaxation spa-treatment water,Žena zabalená do ručníku sedí na okraji vany s minerální koupelí ozdobené růžovou lilií.,Woman wrapped in a towel sits on the rim of a mineral bath tub decorated with a pink lily.,"Frau in ein Handtuch gehüllt sitzt am Rand einer Mineralbadewanne, geschmückt mit einer rosa Lilie.",Růžová lilie na okraji minerální vany – malý rituál odpočinku v Mariánských Lázních.,"A pink lily rests on the rim of a mineral bath, a small ritual of relaxation in Mariánské Lázně.",Eine rosa Lilie liegt am Rand des Mineralbads – ein kleines Ritual der Entspannung in Marienbad.,01_mineralni_koupele.jpg,Dated early-2000s stock-photo styling
/images/library/mineral-bath/mineral-bath-rest-after.jpg,mineral-bath,mineral-bath-rest-after,1600,1067,landscape,good,yes,yes,mineral-bath treatment-room resting blanket interior spa-treatment,"Žena odpočívá po minerální koupeli pod hnědou dekou na lehátku, na zdi fotografie západu slunce, vedle prázdná vana.","A woman rests on a treatment bed under a brown blanket after her mineral bath, with a sunset photo on the wall and the empty tub beside her.","Eine Frau ruht nach ihrem Mineralbad unter einer braunen Decke auf einer Behandlungsliege, an der Wand ein Sonnenuntergangsfoto, daneben die leere Wanne.",Klidná fáze odpočinku uzavírá rituál minerální koupele.,A quiet rest period completes the mineral-bath ritual.,Eine ruhige Erholungsphase rundet das Mineralbad-Ritual ab.,Minerální koupel_Neapol/MK Neapol (15).jpg,
/images/library/mineral-bath/mineral-bath-ritual-pour.jpg,mineral-bath,mineral-bath-ritual-pour,1600,1067,landscape,hero,yes,yes,mineral-bath balneotherapy historic-interior towel backlit ritual atmosphere,"Žena zahalená do bílého ručníku si lije vodu z ozdobného džbánu přes rameno v zamlženém, protisvětlem prozářeném historickém koupelnovém sále.","A woman wrapped in a white towel pours water from an ornate jug over her shoulder in a hazy, backlit historic bathroom.","Eine Frau in ein weißes Handtuch gehüllt gießt Wasser aus einem verzierten Krug über ihre Schulter in einem diesigen, hintergrundbeleuchteten historischen Baderaum.",Pára a ranní světlo mění prosté oplachování minerální vodou v okamžik tichého rituálu.,Steam and morning light turn a simple mineral-water rinse into a moment of quiet ritual.,Dampf und Morgenlicht verwandeln ein einfaches Mineralwasser-Abspülen in einen Moment stiller Ruhe.,08_A_Mineral Bath/Mineral_Bath-1.jpg,"Near-duplicate wider shot is P204, same session"
/images/library/mineral-bath/mineral-bath-robe-pose.jpg,mineral-bath,mineral-bath-robe-pose,1600,1067,landscape,good,yes,yes,mineral-bath bathrobe smiling bathtub interior,Žena v bílém župánku sedí s úsměvem na okraji minerální vany a natahuje ruku k vodě.,"A woman in a white bathrobe sits smiling on the edge of the mineral bath, reaching a hand toward the water.",Eine Frau im weißen Bademantel sitzt lächelnd am Rand des Mineralbads und streckt eine Hand zum Wasser aus.,Uvolněná póza zachycuje pohodovou atmosféru apartmá s minerální koupelí.,A relaxed pose captures the easy comfort of the mineral bath suite.,Eine entspannte Pose zeigt die unkomplizierte Behaglichkeit der Mineralbad-Suite.,Minerální koupel_Neapol/MK Neapol (22).jpg,"Near-duplicate of P218, same session"
/images/library/mineral-bath/mineral-bath-robe-smile.jpg,mineral-bath,mineral-bath-robe-smile,1600,1067,landscape,good,yes,yes,mineral-bath bathrobe smiling bathtub interior,"Usmívající se žena v bílém župánku sedí na okraji minerální vany, nohy na podlaze.",A smiling woman in a white bathrobe sits on the edge of the mineral bath tub with her feet on the floor.,"Eine lächelnde Frau im weißen Bademantel sitzt am Rand der Mineralbadewanne, die Füße auf dem Boden.",Host v měkkém župánku se s úsměvem zastaví u minerální vany.,A guest in a soft bathrobe pauses cheerfully beside the mineral bath.,Eine Gästin im weichen Bademantel hält fröhlich neben dem Mineralbad inne.,Minerální koupel_Neapol/MK Neapol (21).jpg,"Near-duplicate of P219, same session"
/images/library/mineral-bath/mineral-bath-room-neapol.jpg,mineral-bath,mineral-bath-room-neapol,1600,1067,landscape,good,yes,no,mineral-bath treatment-room interior bathtub no-people spa-treatment,"Prázdná ošetřovna s minerální koupelí, ustlaným lehátkem, květem orchideje, nerezovou vanou a zarámovanou fotografií západu slunce.","An empty mineral-bath treatment room with a made-up bed, orchid flowers, a stainless steel tub, and a framed sunset photo.","Ein leerer Behandlungsraum für Mineralbäder mit bezogenem Bett, Orchideenblüten, einer Edelstahlwanne und einem gerahmten Sonnenuntergangsfoto.","Klidná, připravená ošetřovna čeká na hosty na minerální koupel.","A calm, ready treatment room awaits guests for their mineral bath.","Ein ruhiger, vorbereiteter Behandlungsraum wartet auf Gäste zum Mineralbad.",Minerální koupel_Neapol/MK Neapol (1).jpg,
/images/library/mineral-bath/mineral-bath-smiling-soak.jpg,mineral-bath,mineral-bath-smiling-soak,1600,1067,landscape,good,yes,yes,mineral-bath bathtub water smiling balneotherapy relaxation,"Usmívající se hlava ženy vyčnívá nad tmavou minerální vodou, zatímco se koupe v nerezové vaně.",A smiling woman's head rises above the dark mineral water as she soaks in a stainless steel bathtub.,"Der lächelnde Kopf einer Frau ragt aus dem dunklen Mineralwasser, während sie in einer Edelstahlwanne badet.",Ponořená do minerálně bohaté vody si host užívá chvíli čistého odpočinku.,"Immersed in mineral-rich water, a guest enjoys a moment of pure relaxation.",Eingetaucht in mineralreiches Wasser genießt eine Gästin einen Moment purer Entspannung.,Minerální koupel_Neapol/MK Neapol (12).jpg,"Near-duplicate of P210 and P211, same soaking session"
/images/library/mineral-bath/mineral-bath-soak-calm.jpg,mineral-bath,mineral-bath-soak-calm,1600,1067,landscape,good,yes,yes,mineral-bath bathtub water balneotherapy relaxation calm,"Žena odpočívá s klidným výrazem v tmavé minerální lázni, voda jí sahá až k ramenům.","A woman rests with a calm expression in a dark mineral water bath, water reaching her shoulders.","Eine Frau ruht mit ruhigem Gesichtsausdruck in einem dunklen Mineralbad, das Wasser reicht ihr bis zu den Schultern.","Klid se line prostorem, zatímco minerální koupel působí svým uklidňujícím účinkem.",Stillness settles in as the mineral bath works its calming effect.,"Ruhe legt sich über den Moment, während das Mineralbad seine beruhigende Wirkung entfaltet.",Minerální koupel_Neapol/MK Neapol (14).jpg,"Near-duplicate of P209 and P210, same soaking session"
/images/library/mineral-bath/mineral-bath-soak-variant.jpg,mineral-bath,mineral-bath-soak-variant,1600,1067,landscape,good,yes,yes,mineral-bath bathtub water smiling balneotherapy relaxation,"Žena se usmívá při koupeli v tmavé minerální vodě, snímek shora přes okraj vany.","A woman smiles while soaking in a dark mineral water bath, seen from above the tub's edge.","Eine Frau lächelt beim Baden in dunklem Mineralwasser, von oben über den Wannenrand fotografiert.",Další neformální okamžik ze stejné uvolňující koupele v minerální vodě.,Another candid moment from the same relaxing mineral bath session.,Ein weiterer ungestellter Moment aus derselben entspannenden Mineralbad-Sitzung.,Minerální koupel_Neapol/MK Neapol (13).jpg,"Near-duplicate of P209 and P211, same soaking session"
/images/library/mineral-bath/mineral-bath-swirling-water.jpg,mineral-bath,mineral-bath-swirling-water,1600,1067,landscape,good,yes,no,mineral-bath water detail bathtub no-people texture,Detail tmavé minerální vody vířící a plnící nerezovou vanu.,Close-up of dark mineral water swirling and filling a stainless steel bathtub.,"Nahaufnahme von dunklem, wirbelndem Mineralwasser, das eine Edelstahlwanne füllt.","Minerálně bohatá voda vířivě naplňuje vanu, připravenou na další proceduru.","Mineral-rich water swirls into the tub, ready for the next treatment.","Mineralreiches Wasser strömt wirbelnd in die Wanne, bereit für die nächste Anwendung.",Minerální koupel_Neapol/MK Neapol (19).jpg,
/images/library/mineral-bath/mineral-bath-testing-water.jpg,mineral-bath,mineral-bath-testing-water,1067,1600,portrait,good,yes,yes,mineral-bath towel portrait bathtub feet,"Žena zahalená do ručníku stojí a namáčí nohu do minerální vany, aby vyzkoušela teplotu vody.",A woman wrapped in a towel stands and dips her foot into the mineral bath tub to test the water.,"Eine in ein Handtuch gehüllte Frau steht und taucht ihren Fuß in die Mineralbadewanne, um die Wassertemperatur zu prüfen.","Opatrný první krok ověří teplotu vody, než se host ponoří do minerální lázně.",A careful first step checks the water before easing into the mineral bath.,"Ein vorsichtiger erster Schritt prüft das Wasser, bevor es ins Mineralbad geht.",Minerální koupel_Neapol/MK Neapol (17).jpg,
/images/library/mineral-bath/mineral-bath-towel-portrait.jpg,mineral-bath,mineral-bath-towel-portrait,1067,1600,portrait,good,yes,yes,mineral-bath towel portrait bathtub smiling,Žena zahalená do dlouhého bílého ručníku sedí s úsměvem na okraji minerální vany s hnědě obloženými stěnami.,A woman wrapped in a long white towel sits smiling on the edge of a mineral bath tub with brown tiled walls.,Eine Frau in ein langes weißes Handtuch gehüllt sitzt lächelnd am Rand einer Mineralbadewanne mit braun gefliesten Wänden.,"Host se na chvíli zastaví na portrét, než se ponoří do teplé minerální koupele.",A guest pauses for a portrait before slipping into the warm mineral bath.,"Eine Gästin hält für ein Porträt inne, bevor sie in das warme Mineralbad steigt.",Minerální koupel_Neapol/MK Neapol (11).jpg,Similar pose and session to P213
/images/library/mineral-bath/mineral-bath-towel-seated.jpg,mineral-bath,mineral-bath-towel-seated,1067,1600,portrait,good,yes,yes,mineral-bath towel portrait bathtub,"Žena zahalená do bílého ručníku sedí na okraji minerální vany na pozadí tmavě obložených stěn, portrétní formát.","A woman wrapped in a white towel sits on the edge of a mineral bath tub against dark tiled walls, portrait framing.","Eine Frau in ein weißes Handtuch gehüllt sitzt am Rand einer Mineralbadewanne vor dunkel gefliesten Wänden, Hochformat.",Zahalená a připravená si host sedá vedle minerální vany.,"Wrapped and ready, a guest takes a seat beside the mineral bath.",Eingehüllt und bereit nimmt eine Gästin am Mineralbad Platz.,Minerální koupel_Neapol/MK Neapol (16).jpg,Similar pose and session to P208
/images/library/mineral-bath/mineral-bath-tub.jpg,mineral-bath,mineral-bath-tub,1600,1071,landscape,good,yes,yes,mineral-bath balneotherapy spa-treatment wellness interior,Zdravotní sestra podává ručník usmívající se ženě odpočívající v minerální lázni zdobené orchidejemi.,Nurse hands a towel to a smiling woman relaxing in a mineral bath tub decorated with orchids.,"Krankenschwester reicht einer lächelnden Frau, die in einer mit Orchideen dekorierten Mineralbadewanne entspannt, ein Handtuch.",Teplá minerální koupel z místních pramenů je součástí klasického balneoterapeutického programu.,"A warm mineral bath, drawn from the region's springs, is part of the classic balneotherapy programme.",Ein warmes Mineralbad aus den Quellen der Region gehört zum klassischen Balneotherapie-Programm.,Leceni klasicke procedury/Hvězda-Skalník Minerální koupel.JPG,"Somewhat dated tile styling and decor, but bright, well-lit and usable."
/images/library/mineral-bath/mineral-bath-tub-angle.jpg,mineral-bath,mineral-bath-tub-angle,1600,1067,landscape,good,yes,no,mineral-bath bathtub treatment-room no-people interior,Širokoúhlý pohled na prázdnou minerální vanu zabudovanou do hnědé mozaikové dlažby v ošetřovně.,A wide-angle view of an empty mineral bath tub built into brown mosaic tiles in a treatment room.,"Weitwinkelansicht einer leeren Mineralbadewanne, eingebaut in braune Mosaikfliesen in einem Behandlungsraum.",Každý detail obložené minerální vany je připraven na příchod dalšího hosta.,Every detail of the tiled mineral bath is prepared before the next guest arrives.,"Jedes Detail des gefliesten Mineralbads ist vorbereitet, bevor der nächste Gast eintrifft.",Minerální koupel_Neapol/MK Neapol (20).jpg,"Similar empty-room shot to P215, same tub"
/images/library/mineral-bath/mineral-bath-tub-empty.jpg,mineral-bath,mineral-bath-tub-empty,1600,1067,landscape,good,yes,no,mineral-bath bathtub treatment-room no-people interior,Prázdná nerezová vana pro minerální koupel osazená v hnědé mozaikové dlažbě pod tmavým oknem.,An empty stainless steel mineral bath tub set into brown mosaic tiling below a dark window.,"Eine leere Edelstahl-Mineralbadewanne, eingelassen in braune Mosaikfliesen unter einem dunklen Fenster.","Minerální vana je připravena, její nerezový bazének se leskne na pozadí teplé dlažby.","The mineral bath stands ready, its stainless basin gleaming against warm tiling.","Das Mineralbad steht bereit, sein Edelstahlbecken glänzt vor warmer Fliesenoptik.",Minerální koupel_Neapol/MK Neapol (18).jpg,"Similar empty-room shot to P217, same tub"
/images/library/mineral-bath/panoramic-spa-pool.jpg,mineral-bath,panoramic-spa-pool,1600,574,landscape,hero,yes,yes,mineral-bath pool panorama wellness,"Panoramatický pohled na ženu, která si při plavání v lázeňském bazénu se sloupy vyždímá vlasy.",Panoramic view of a woman wringing out her hair while swimming in a colonnaded spa pool.,"Panoramaansicht einer Frau, die beim Schwimmen in einem von Säulen gesäumten Kurbecken ihr Haar auswringt.",Hostka se při plavání v prosluněném bazénu se sloupy na chvíli zastaví a vyždímá si vlasy.,"A guest pauses mid-swim in a sunlit, colonnaded pool, wringing water from her hair.","Eine Gästin hält beim Schwimmen in einem sonnendurchfluteten, von Säulen gesäumten Becken inne und wringt ihr Haar aus.",marienbad-7.jpg,"Wide panoramic crop (8688x3116), well suited to a banner header."
/images/library/mineral-bath/robe-woman-dark-tub.jpg,mineral-bath,robe-woman-dark-tub,1600,1067,landscape,good,yes,yes,mineral-bath architecture historic interior robe,Žena v bílém županu sedí na okraji tmavé vany na minerální koupel v historické místnosti se starožitným džbánem a mísou.,A woman in a white robe sits on the edge of a dark mineral bath tub in a tiled historic room with an antique jug and basin.,Eine Frau im weißen Bademantel sitzt am Rand einer dunklen Mineralbadewanne in einem historischen Raum mit antikem Krug und Waschschüssel.,Starožitné armatury a ručně malované obklady dotvářejí atmosféru jedné z historických mariánskolázeňských koupelen.,Antique fittings and hand-painted tiles set the mood in one of Marienbad's historic bath rooms.,Antike Armaturen und handbemalte Fliesen prägen die Atmosphäre in einem der historischen Marienbader Baderäume.,13_mineralni_koupele.jpg,
/images/library/mineral-bath/senior-man-mineral-bath.jpg,mineral-bath,senior-man-mineral-bath,1067,1600,portrait,good,yes,yes,mineral-bath balneotherapy spa-treatment bathtub therapist senior interior,"Starší muž leží v měděné vaně s minerální vodou, ruce terapeutky mu upravují bílou opěrku pod krkem.","Older man reclining in a copper bathtub with mineral water, a therapist's hands adjusting a white headrest behind his neck.","Älterer Mann liegt in einer Kupferwanne mit Mineralwasser, die Hände einer Therapeutin richten ein weißes Nackenkissen.",Teplá minerální koupel začíná péčí o pohodlí do posledního detailu.,"A warm mineral bath begins with careful attention to comfort, down to the last detail.",Ein warmes Mineralbad beginnt mit Aufmerksamkeit bis ins letzte Detail.,19_mineralni_koupele.jpg,Same bathing session as P030.
/images/library/mineral-bath/senior-woman-tub-attendant.jpg,mineral-bath,senior-woman-tub-attendant,1067,1600,portrait,good,yes,yes,mineral-bath balneotherapy therapist bathtub senior water,Terapeutka stojí za usměvavou starší ženou odpočívající v minerální koupeli se zeleným ručníkem jako opěrkou hlavy.,A therapist stands behind a smiling senior woman resting in a mineral bath with a green towel headrest.,"Eine Therapeutin steht hinter einer lächelnden älteren Frau, die mit grünem Handtuch als Nackenstütze im Mineralbad ruht.",Jemná péče a teplá minerální voda přinášejí pohodu hostům každého věku.,Gentle care and warm mineral water bring comfort to guests of every generation.,Sanfte Pflege und warmes Mineralwasser sorgen für Wohlbefinden bei Gästen jeden Alters.,09_mineralni_koupele.jpg,
/images/library/mineral-bath/senior-woman-tub-wide.jpg,mineral-bath,senior-woman-tub-wide,1600,1067,landscape,good,yes,yes,mineral-bath balneotherapy therapist bathtub senior water,"Terapeutka upravuje ručník za hlavou starší ženy, zatímco relaxuje v minerální koupeli.",A therapist adjusts a towel behind a senior woman's head as she relaxes in a mineral bath.,"Eine Therapeutin richtet ein Handtuch hinter dem Kopf einer älteren Frau, während sie im Mineralbad entspannt.","Širší pohled na stejný rituál minerální koupele, orámovaný klasickými obklady.","A wider view of the same mineral bath ritual, framed by classic tiled walls.","Ein weiterer Blick auf dasselbe Mineralbad-Ritual, gerahmt von klassischen Fliesenwänden.",10_mineralni_koupele.jpg,"Near-duplicate of P010/P014, same session"
/images/library/mineral-bath/ship-stained-glass-bath.jpg,mineral-bath,ship-stained-glass-bath,1292,1600,portrait,good,yes,yes,mineral-bath balneotherapy therapist stained-glass interior,"Žena se naklání k terapeutce vedle muže v minerální koupeli, ve vitrážovém okně je vidět motiv lodi.","A woman leans toward a therapist beside a man in a mineral bath, a ship motif visible in the stained-glass window.",Eine Frau beugt sich zu einer Therapeutin neben einem Mann im Mineralbad; im Buntglasfenster ist ein Schiffsmotiv zu sehen.,Motiv lodi ve vitráži dodává této místnosti pro minerální koupele nádech mořeplavby.,A ship motif in the stained glass adds a nautical touch to this mineral bath treatment room.,Ein Schiffsmotiv im Buntglasfenster verleiht diesem Mineralbad-Behandlungsraum eine maritime Note.,08_mineralni_koupele.jpg,"Same tub/session as P008, near-duplicate"
/images/library/mineral-bath/small-marble-tub-candles.jpg,mineral-bath,small-marble-tub-candles,502,788,portrait,weak,no,yes,mineral-bath candle historic interior romantic,Žena relaxuje v tmavé mramorové vaně obklopené svícemi a vzorovanou tapetou.,A woman relaxes in a dark marble bath tub surrounded by candles and patterned wallpaper.,"Eine Frau entspannt in einer dunklen Marmorbadewanne, umgeben von Kerzen und gemusterter Tapete.",Svíčky zjemňují atmosféru v tomto intimním koutě historické koupelny.,Candlelight softens the mood in this intimate corner of a historic bathing room.,Kerzenlicht mildert die Atmosphäre in dieser intimen Ecke eines historischen Baderaums.,16_kabina.jpg,"Very low native resolution (502x788), unusable for large web display"
/images/library/mineral-bath/solo-mineral-bath-smile.jpg,mineral-bath,solo-mineral-bath-smile,1067,1600,portrait,hero,yes,yes,mineral-bath bathtub relaxation water portrait,"Žena se usmívá při relaxaci v minerální koupeli, hlavu opřenou o složený ručník.","A woman smiles while relaxing in a mineral bath, her head resting on a folded towel.","Eine Frau lächelt entspannt in einem Mineralbad, den Kopf auf einem gefalteten Handtuch gebettet.","Tichá chvíle pohody v minerální vodě, díky které se Mariánské Lázně proslavily.",A quiet moment of ease in the mineral-rich waters that made Mariánské Lázně famous.,"Ein stiller Moment der Entspannung im mineralreichen Wasser, das Marienbad berühmt gemacht hat.",04_mineralni_koupele.jpg,
/images/library/mineral-bath/spa-cabin-antechamber.jpg,mineral-bath,spa-cabin-antechamber,1600,993,landscape,hero,yes,no,mineral-bath architecture interior detail,"Secesní předsíň s věšákem, zdobeným zrcadlem a vitrážovými dveřmi, výhled do velkolepého sloupového sálu.","Art nouveau antechamber with a coat stand, ornate mirror and stained-glass door, opening onto a grand colonnaded hall.","Jugendstil-Vorraum mit Garderobenständer, verziertem Spiegel und Glasmalerei-Tür, Blick in eine große Säulenhalle.",Za nenápadnými dveřmi vede historický detail hosty do velkoleposti lázeňského domu.,"Behind an unassuming door, period detail leads guests into the grandeur of the bathhouse.",Hinter einer unscheinbaren Tür führt historisches Detail die Gäste in die Pracht des Badehauses.,27_kabina.jpg,No people; anteroom to a bath cabin.
/images/library/mineral-bath/spa-cabin-wide-view.jpg,mineral-bath,spa-cabin-wide-view,1600,1067,landscape,good,yes,yes,mineral-bath interior architecture senior couple bathtub,"Širokoúhlý záběr historické lázeňské kabiny se dvěma vanami, secesním nábytkem a hostem ve froté plášti.","Wide fisheye view of a historic spa cabin with two bathtubs, art nouveau furniture, and a robed guest stepping into a bath.","Weitwinkelaufnahme einer historischen Badekabine mit zwei Wannen, Jugendstilmöbeln und einem Gast im Bademantel.",V soukromé lázeňské kabině se secesní atmosféra snoubí s rituálem minerální koupele.,"Inside a private bathing cabin, Belle Époque details meet the ritual of the mineral bath.",In einer privaten Badekabine trifft Belle-Époque-Ambiente auf das Ritual des Mineralbads.,21_mineralni_koupele.jpg,Strong fisheye lens distortion; dated furnishings.
/images/library/mineral-bath/therapist-arranges-towel-woman.jpg,mineral-bath,therapist-arranges-towel-woman,1600,1067,landscape,good,yes,yes,mineral-bath balneotherapy therapist spa-treatment bathtub senior,"Žena odpočívá ve dřevěné vaně, terapeutka v bílé uniformě jí upravuje růžový ručník pod hlavou, v popředí mísa jablek a pomerančů.",Woman resting in a wooden bathtub as a therapist in white uniform arranges a pink towel behind her head; apples and oranges in the foreground.,"Frau entspannt in einer Holzwanne, während eine Therapeutin in weißer Uniform ein rosa Handtuch hinter ihrem Kopf platziert; im Vordergrund Äpfel und Orangen.","Pod vedením zkušené ruky spojuje rituál minerální koupele teplo, vodu a péči.","Guided by a trained hand, the mineral bath ritual balances warmth, water, and care.","Von geübter Hand begleitet, verbindet das Mineralbad-Ritual Wärme, Wasser und Fürsorge.",23_mineralni_koupele.jpg,
/images/library/mineral-bath/therapist-attending-bath.jpg,mineral-bath,therapist-attending-bath,1067,1600,portrait,good,yes,yes,mineral-bath balneotherapy therapist bathtub spa-treatment water,Terapeutka v modré uniformě přidržuje ručník za hlavou ženy během minerální koupele.,A therapist in a blue uniform holds a towel behind a woman's head during a mineral bath.,Eine Therapeutin in blauer Uniform hält ein Handtuch hinter dem Kopf einer Frau während eines Mineralbads.,Lázeňská asistentka pečuje o hosta během tradiční procedury minerální koupele.,A balneotherapy assistant tends to a guest during a traditional mineral bath treatment.,Eine Bademeisterin betreut einen Gast während einer traditionellen Mineralbadbehandlung.,02_mineralni_koupele.jpg,
/images/library/mineral-bath/therapist-sponge-treatment-vintage.jpg,mineral-bath,therapist-sponge-treatment-vintage,1065,1600,portrait,weak,no,yes,mineral-bath balneotherapy therapist spa-treatment bathtub,"Terapeutka v zeleném plášti omývá ženě ramena žlutými houbami ve vaně, teplý retro nádech fotografie.","Therapist in a green uniform washing a woman's shoulders with yellow sponges in a bathtub, warm vintage color tone.","Therapeutin in grüner Uniform wäscht die Schultern einer Frau mit gelben Schwämmen in einer Wanne, warmer Retro-Farbton.",Jemné omývání houbou podporuje léčivý účinek minerální koupele.,A gentle sponge treatment supports the mineral bath's soothing effect.,Eine sanfte Schwammbehandlung unterstützt die wohltuende Wirkung des Mineralbads.,30_mineralni_koupele.jpg,"Dated, unnatural yellow-green color grading; stock-photo look."
/images/library/mineral-bath/therapist-stained-glass-bath.jpg,mineral-bath,therapist-stained-glass-bath,1600,1166,landscape,hero,yes,yes,mineral-bath balneotherapy therapist stained-glass interior water,Terapeutka otírá ručníkem obličej usmívající se ženy během minerální koupele u vitrážového okna.,A therapist wipes a smiling woman's face with a towel during a mineral bath beside a stained-glass window.,Eine Therapeutin trocknet lächelnd das Gesicht einer Frau während eines Mineralbads neben einem Buntglasfenster.,Barevná vitráž rámuje okamžik osobní péče během procedury minerální koupele.,Colourful stained glass frames a moment of personal care during a mineral bath treatment.,Buntes Glasfenster rahmt einen Moment persönlicher Fürsorge während der Mineralbadbehandlung.,06_mineralni_koupele.jpg,
/images/library/mineral-bath/underwater-massage-back-view.jpg,mineral-bath,underwater-massage-back-view,1067,1600,portrait,good,yes,yes,underwater-massage hydrotherapy mineral-bath therapist,"Pohled shora na holá záda ženy ponořené ve vaně, terapeutka aplikuje vodní proud.",Overhead view of a woman's bare back submerged in the tub as a therapist applies the water jet.,"Draufsicht auf den nackten Rücken einer Frau, die in der Wanne liegt, während eine Therapeutin den Wasserstrahl anwendet.",Vodní proud je při podvodní masáži veden podél zad.,The water jet is directed along the back during an underwater massage treatment.,Der Wasserstrahl wird während der Unterwassermassage entlang des Rückens geführt.,Leceni klasicke procedury/Underwater massage (7).jpg,Part of a 10-frame underwater-massage session (P177-P186).
/images/library/mineral-bath/underwater-massage-closeup-face.jpg,mineral-bath,underwater-massage-closeup-face,1600,1067,landscape,good,yes,yes,underwater-massage hydrotherapy mineral-bath detail,"Detail tváře ženy dívající se do strany, v popředí rozostřená ruka s masážní tryskou.","Close-up of a woman's face looking to the side, with a blurred hand holding the massage nozzle in the foreground.","Nahaufnahme des zur Seite blickenden Gesichts einer Frau, im Vordergrund unscharf eine Hand mit der Massagedüse.",Klidný okamžik během podvodní masáže.,A quiet moment during an underwater jet massage.,Ein ruhiger Moment während einer Unterwassermassage.,Leceni klasicke procedury/Underwater massage (6).jpg,Part of a 10-frame underwater-massage session (P177-P186); similar to P182.
/images/library/mineral-bath/underwater-massage-overhead.jpg,mineral-bath,underwater-massage-overhead,1600,1067,landscape,good,yes,yes,underwater-massage hydrotherapy mineral-bath therapist balneotherapy,"Pohled shora na terapeutku, která masíruje ponořenou klientku ruční vodní tryskou.",Overhead view of a therapist massaging a submerged client with a handheld water-jet nozzle.,"Draufsicht auf eine Therapeutin, die eine im Wasser liegende Kundin mit einer Wasserstrahldüse massiert.",Probíhající podvodní masáž prováděná ruční tlakovou tryskou.,"An underwater jet massage in progress, directed with a handheld pressure nozzle.","Eine laufende Unterwassermassage, gesteuert mit einer handgeführten Druckdüse.",Leceni klasicke procedury/Underwater massage (3).jpg,Part of a 10-frame underwater-massage session (P177-P186); similar framing to P181.
/images/library/mineral-bath/underwater-massage-portrait-setup.jpg,mineral-bath,underwater-massage-portrait-setup,1067,1600,portrait,good,yes,yes,underwater-massage hydrotherapy mineral-bath therapist,"Žena sedí v lázeňské vaně, terapeutka se naklání přes okraj vany, snímek na výšku.","Woman sitting in a spa tub as a therapist leans over the rim, portrait framing of the same setup.","Frau sitzt in einer Kurwanne, während sich eine Therapeutin über den Wannenrand beugt, im Hochformat.",Příprava na podvodní masáž v lázeňské vaně.,Preparing for an underwater jet massage in a spa treatment bath.,Vorbereitung auf eine Unterwassermassage im Kurbad.,Leceni klasicke procedury/Underwater massage (10).jpg,"Near-duplicate of P177 from the same session, portrait crop."
/images/library/mineral-bath/underwater-massage-side-view.jpg,mineral-bath,underwater-massage-side-view,1067,1600,portrait,good,yes,yes,underwater-massage hydrotherapy mineral-bath therapist,"Boční pohled na terapeutku, která se naklání nad vanu a míří masážní tryskou na ponořenou klientku.","Side view of a therapist leaning over the tub, directing the massage nozzle toward a submerged client.","Seitenansicht einer Therapeutin, die sich über die Wanne beugt und die Massagedüse auf die Kundin richtet.",Terapeutka reguluje tlak trysky během podvodní masáže.,A therapist adjusts the pressure jet during an underwater massage session.,Eine Therapeutin reguliert den Druckstrahl während einer Unterwassermassage.,Leceni klasicke procedury/Underwater massage (8).jpg,Part of a 10-frame underwater-massage session (P177-P186); similar angle to P180-P181.
/images/library/mineral-bath/underwater-massage-smiling-guest.jpg,mineral-bath,underwater-massage-smiling-guest,1600,1067,landscape,hero,yes,yes,underwater-massage hydrotherapy mineral-bath relaxation,"Detail usmívající se tváře ženy ve vaně, terapeutka mimo záběr vede vodní trysku.",Close-up of a smiling woman's face in the tub as a therapist works the water-jet nozzle out of frame.,"Nahaufnahme des lächelnden Gesichts einer Frau in der Wanne, während eine Therapeutin die Düse außerhalb des Bildes führt.",Uvolněná hostka si užívá podvodní masáž.,A relaxed guest enjoys an underwater massage session.,Ein entspannter Gast genießt eine Unterwassermassage.,Leceni klasicke procedury/Underwater massage (5).jpg,Strongest close-up in the underwater-massage set (P177-P186).
/images/library/mineral-bath/underwater-massage-tub-setup.jpg,mineral-bath,underwater-massage-tub-setup,1600,1067,landscape,good,yes,yes,underwater-massage hydrotherapy mineral-bath therapist balneotherapy,"Žena sedí v oválné lázeňské vaně, zatímco terapeutka v bílém se naklání a nastavuje přístroj.",Woman seated in an oval spa tub while a therapist in white leans over to adjust the equipment.,"Frau sitzt in einer ovalen Kurwanne, während eine Therapeutin in Weiß sich zur Geräteeinstellung hinüberbeugt.","Host se usazuje ve vaně, zatímco terapeutka připravuje podvodní masáž.",A guest settles into the tub as a therapist prepares an underwater jet massage.,"Ein Gast nimmt in der Wanne Platz, während eine Therapeutin eine Unterwassermassage vorbereitet.",Leceni klasicke procedury/Underwater massage (1).jpg,Part of a 10-frame underwater-massage session (P177-P186).
/images/library/mineral-bath/underwater-massage-wide-overhead.jpg,mineral-bath,underwater-massage-wide-overhead,1600,1067,landscape,good,yes,yes,underwater-massage hydrotherapy mineral-bath therapist interior,"Širší pohled shora na procedurní místnost během podvodní masáže, ve výbavě je skříň a sklenice s bylinkami na okraji vany.","Wide overhead view of the treatment room during an underwater massage, with wardrobe cabinet and a jar of herbs on the tub rim.","Weite Draufsicht auf den Behandlungsraum während einer Unterwassermassage, mit Kleiderschrank und einem Glas Kräutern am Wannenrand.",Celkový pohled na procedurní místnost během podvodní masáže.,A full view of the treatment room during an underwater jet massage session.,Ein Gesamtblick auf den Behandlungsraum während einer Unterwassermassage.,Leceni klasicke procedury/Underwater massage (9).jpg,Part of a 10-frame underwater-massage session (P177-P186); final wide shot of the set.
/images/library/mineral-bath/underwater-massage-wide-view.jpg,mineral-bath,underwater-massage-wide-view,1600,1067,landscape,good,yes,yes,underwater-massage hydrotherapy mineral-bath therapist balneotherapy,"Širší pohled shora na stejnou podvodní masáž, vedle vany je vidět židle a stupínky.","Wider overhead view of the same underwater jet massage, with a chair and steps beside the tub.","Weitere Draufsicht auf dieselbe Unterwassermassage, mit Stuhl und Stufen neben der Wanne.",Terapeutka provádí podvodní masáž v jednom z lázeňských domů v Mariánských Lázních.,A therapist guides an underwater massage session in a Mariánské Lázně spa house.,Eine Therapeutin leitet eine Unterwassermassage in einem Kurhaus in Marienbad.,Leceni klasicke procedury/Underwater massage (4).jpg,"Near-duplicate of P180 from the same session, wider crop."
/images/library/mineral-bath/woman-relaxed-pink-towel.jpg,mineral-bath,woman-relaxed-pink-towel,1600,1067,landscape,good,yes,yes,mineral-bath bathtub relaxation senior interior,"Žena odpočívá se zavřenýma očima ve dřevěné minerální vaně, hlavu má opřenou o růžový ručník.","Woman resting with eyes closed in a wooden mineral bathtub, head supported by a pink towel.","Frau ruht mit geschlossenen Augen in einer hölzernen Mineralwanne, der Kopf liegt auf einem rosa Handtuch.","Tichá pauza v teplé minerální vodě, obklopená pohodlím měkkého ručníku.","A quiet pause in warm mineral water, wrapped in the comfort of a soft towel.","Eine stille Pause im warmen Mineralwasser, geborgen in einem weichen Handtuch.",25_mineralni_koupele.jpg,Same tub setup as P033/P036 series.
/images/library/mineral-bath/woman-towel-wrap-mineral-bath.jpg,mineral-bath,woman-towel-wrap-mineral-bath,1600,1067,landscape,good,yes,yes,mineral-bath balneotherapy bathtub senior interior,Ruce omotávají bílý ručník kolem krku usmívající se ženy odpočívající v teple nasvícené minerální koupeli.,"Hands wrapping a white towel around a smiling woman's neck as she reclines in a mineral bath, warm lighting.","Hände legen einer lächelnden Frau ein weißes Handtuch um den Nacken, während sie in einem warm beleuchteten Mineralbad liegt.","Poslední teplý ručník doplní minerální koupel, než nastoupí klidná relaxace.",A final warm towel completes the mineral bath before quiet relaxation sets in.,"Ein letztes warmes Handtuch rundet das Mineralbad ab, bevor die Entspannung einsetzt.",32_mineralni_koupele.jpg,
/images/library/mineral-bath/young-woman-orchid-bath.jpg,mineral-bath,young-woman-orchid-bath,1600,1071,landscape,hero,yes,yes,mineral-bath balneotherapy therapist spa-treatment bathtub,"Usměvavá mladá žena v minerální vaně, terapeutka jí pokládá ručník za hlavu, v pozadí orchideje, jasné moderní světlo.","Smiling young woman in a mineral bathtub as a therapist places a towel behind her head, orchids on a nearby shelf, bright modern lighting.","Lächelnde junge Frau in einer Mineralwanne, eine Therapeutin legt ihr ein Handtuch hinter den Kopf, Orchideen im Hintergrund, helles modernes Licht.",Světlá a moderní podoba minerální koupele oslovuje hosty všech generací.,"Bright and contemporary, the mineral bath treatment welcomes every generation of guest.",Hell und zeitgemäß – die Mineralbad-Anwendung spricht Gäste jeder Generation an.,34_mineralni_koupele.jpg,
/images/library/nature/outdoor-tub-lakeside.jpg,nature,outdoor-tub-lakeside,1600,1600,square,hero,yes,no,nature forest lake bathtub outdoor summer,Stará měděná vana stojí jako dekorativní objekt ve vysoké trávě u lesního jezera.,An old copper bathtub stands as a decorative object in tall grass by a forest lake.,Eine alte Kupferwanne steht als dekoratives Objekt im hohen Gras an einem Waldsee.,Stará měděná vana u tichého lesního jezera připomíná hluboké spojení regionu s vodou a přírodou.,A vintage copper tub by a quiet forest lake evokes the region's deep connection to water and nature.,Eine alte Kupferwanne an einem stillen Waldsee erinnert an die enge Verbindung der Region zu Wasser und Natur.,1111.jpg,
/images/library/springs/bronze-fountain-spa-pool.jpg,springs,bronze-fountain-spa-pool,1280,853,landscape,hero,yes,no,springs fountain water detail architecture,"Zdobená bronzová fontánová hlava chrlí vodu do tyrkysového lázeňského bazénu, v pozadí mramorový sloup a mozaikový obklad.","Ornate bronze fountain head pouring water into a turquoise spa pool, marble column and mosaic tile trim behind it.","Kunstvoller Bronze-Brunnenkopf lässt Wasser in ein türkisfarbenes Wellnessbecken fließen, dahinter Marmorsäule und Mosaikfliesen.","Minerální voda proudí do bazénu skrze zdobenou bronzovou fontánu, drobný kousek lázeňského dědictví.","Mineral water flows into the pool through a sculpted bronze fountain, a small piece of spa heritage.",Mineralwasser fließt durch einen kunstvollen Bronzebrunnen ins Becken – ein Stück Kurtradition.,essential-spa.jpg,
/images/library/springs/domed-spring-pavilion.jpg,springs,domed-spring-pavilion,1600,1067,landscape,hero,yes,no,spring-pavilion colonnade fountain dome architecture,Bílý kupolovitý pavilon s kolonádovými křídly a tmavou abstraktní bronzovou fontánou na náměstí.,Domed white spa pavilion with colonnaded wings and a dark abstract bronze fountain sculpture on the plaza.,Weißer Kuppelpavillon mit kolonnadenartigen Flügeln und einer abstrakten dunklen Bronzebrunnenskulptur auf dem Platz.,Kupolovitý pavilon nad pramenem rámuje moderní bronzovou fontánu pod jasně modrou oblohou.,A domed spring pavilion frames a modern bronze fountain sculpture beneath a bright summer sky.,Ein kuppelbekrönter Quellpavillon rahmt eine moderne Bronzebrunnenskulptur unter strahlend blauem Himmel.,marienbad-17_B.jpg,
/images/library/town/aerial-central-spa-building.jpg,town,aerial-central-spa-building,1600,1066,landscape,hero,yes,no,town architecture aerial facade,"Letecký pohled na rozlehlou krémově zbarvenou lázeňskou budovu s kupolovou věží a nápisem „Centrální lázně“, v pozadí zalesněný svah, u vchodu vlajky.","Aerial view of a large cream-colored spa building with a domed tower, marked 'Centrální lázně', forested hillside behind it, flags at the entrance.","Luftaufnahme eines großen cremefarbenen Kurhausgebäudes mit Kuppelturm, beschriftet „Centrální lázně“, dahinter bewaldeter Hang, Flaggen am Eingang.",Z ptačí perspektivy dominuje historická budova Centrálních lázní lázeňskému městu pod zalesněnými kopci.,"Seen from above, the historic Centrální lázně building anchors the spa town below the wooded hills.",Von oben gesehen prägt das historische Gebäude der Centrální lázně die Kurstadt unterhalb der bewaldeten Hügel.,marienbad-10_B.jpg,"Building signage 'Centrální lázně' is visible and factual, not invented."
/images/library/town/aerial-spa-quarter.jpg,town,aerial-spa-quarter,1600,1066,landscape,hero,yes,no,aerial town park forest golden-hour,"Vyvýšený pohled na lázeňské domy na pozadí zalesněného kopce, v popředí zelený trávník.","Elevated view of spa-quarter buildings set against a forested hillside, with a green lawn in the foreground.","Erhöhter Blick auf Kurhäuser vor einem bewaldeten Hang, im Vordergrund eine grüne Rasenfläche.","Lázeňské domy se choulí pod zalesněným kopcem, zatímco večerní světlo hřeje okolní trávníky.",Spa-quarter buildings nestle beneath a wooded hillside as evening light warms the surrounding lawns.,"Kurhäuser schmiegen sich an einen bewaldeten Hang, während Abendlicht die umliegenden Rasenflächen wärmt.",marienbad-21.jpg,
/images/library/town/ornate-facade-corner.jpg,town,ornate-facade-corner,1600,1067,landscape,good,yes,no,architecture facade statue detail historic,"Rohový detail zdobné krémové lázeňské budovy se sochami na střeše, kovanými balkony a kulatým oknem.","Corner detail of an ornate cream spa building with rooftop statues, iron balconies and a rounded window.","Eckdetail eines verzierten cremefarbenen Kurhauses mit Dachfiguren, schmiedeeisernen Balkonen und einem Rundfenster.",Sochy na střeše a kované balkony dodávají rohové fasádě historické lázeňské budovy sochařský půvab.,Rooftop statues and iron balconies add sculptural flourish to a historic spa building's corner facade.,Dachfiguren und schmiedeeiserne Balkone verleihen der Eckfassade eines historischen Kurhauses skulpturalen Schwung.,marienbad-20.jpg,
/images/library/town/rococo-facade-detail.jpg,town,rococo-facade-detail,1600,1067,landscape,good,yes,no,architecture facade detail historic stucco,Pohled zdola na zdobný krémový rokokový štít se štukovými postavami a obloukovým kovaným oknem.,Upward view of an ornate cream rococo gable with stucco figures and an arched wrought-iron window.,Blick von unten auf einen verzierten cremefarbenen Rokoko-Giebel mit Stuckfiguren und einem geschmiedeten Bogenfenster.,Zdobné štukové postavy korunují rokokový štít lázeňské budovy na pozadí sytě modré oblohy.,"Ornate stucco figures crown a spa building's rococo gable, set against a deep blue sky.",Kunstvolle Stuckfiguren krönen den Rokoko-Giebel eines Kurhauses vor tiefblauem Himmel.,marienbad-19.jpg,
/images/library/town/row-of-spa-hotel-facades.jpg,town,row-of-spa-hotel-facades,1600,1076,landscape,good,yes,no,town architecture facade,"Řada honosných lázeňských fasád z 19. století s kovanými balkony, u jednoho vchodu národní vlajky, pod nimi stromořadím lemovaná ulice.","Row of ornate 19th-century spa hotel facades with wrought-iron balconies, national flags at one entrance, tree-lined street below.","Reihe prunkvoller Kurhotel-Fassaden aus dem 19. Jahrhundert mit schmiedeeisernen Balkonen, Nationalflaggen am Eingang, baumbestandene Straße darunter.",Zdobené balkony a pastelové fasády lemují ulice historické lázeňské čtvrti.,Ornate balconies and pastel facades line the streets of the historic spa quarter.,Kunstvolle Balkone und pastellfarbene Fassaden säumen die Straßen des historischen Kurviertels.,marienbad-14.jpg,"Partial hotel signage visible on corner building, not fully legible; identity not asserted."
/images/library/town/townhouse-street-corner.jpg,town,townhouse-street-corner,1600,1067,landscape,good,yes,no,town street architecture facade,Krémovo-hnědý bytový dům na rohu ulice s balkony a kavárnou v přízemí.,Cream and brown apartment building on a street corner with balconies and a ground-floor café.,Creme-braunes Wohnhaus an einer Straßenecke mit Balkonen und einem Café im Erdgeschoss.,Zaoblený rohový dům s balkony a kavárenskou terasou lemuje klidnou ulici lázeňského města.,A curved corner building with balconies and a café terrace lines a quiet spa-town street.,Ein geschwungenes Eckgebäude mit Balkonen und Café-Terrasse säumt eine ruhige Straße im Kurort.,marienbad-8.jpg,
/images/library/treatments/aqua-therapy-noodles.jpg,treatments,aqua-therapy-noodles,1071,1600,portrait,weak,no,yes,hydrotherapy physiotherapy pool therapist senior balneotherapy,Terapeutka podpírá starší ženu vznášející se na plaveckých nudlích při vodním léčebném cvičení v bazénu.,Therapist supports a senior woman floating with pool noodles during water-based therapeutic exercise.,"Therapeutin stützt eine ältere Frau, die mit Schwimmnudeln im Wasser bei einer therapeutischen Wasserübung schwebt.",Šetrné cvičení ve vodě s pomocí plaveckých nudlí usnadňuje pohyb při terapii šetrné ke kloubům.,"Gentle water-based exercise, supported by pool noodles, eases movement for joint-friendly therapy.",Sanfte Wasserübungen mit Schwimmnudeln erleichtern gelenkschonende Bewegungen in der Therapie.,Leceni klasicke procedury/Hvězda-Skalník Léčebný tělocvik v bazénu 01.jpg,Dated swimwear and hairstyling suggest an older stock photo; not clearly shot on-site.
/images/library/treatments/aqua-therapy-weights.jpg,treatments,aqua-therapy-weights,1071,1600,portrait,weak,no,yes,hydrotherapy physiotherapy pool therapist balneotherapy,Terapeutka vede staršího muže s plaveckými činkami při léčebném cvičení v bazénu.,Therapist guides an older man using floating dumbbells during pool-based therapeutic exercise.,Therapeutin leitet einen älteren Mann mit Schwimmhanteln bei einer wassergestützten Therapieübung an.,Plovoucí činky přidávají lehký odpor při léčebném cvičení v bazénu.,Buoyant dumbbells add light resistance to pool-based therapeutic exercise sessions.,Schwimmende Hanteln sorgen für leichten Widerstand bei wassergestützten Therapieübungen.,Leceni klasicke procedury/Hvězda-Skalník Léčebný tělocvik v bazénu 02.jpg,"Dated styling similar to P162, likely from the same older photo set."
/images/library/treatments/classic-back-massage.jpg,treatments,classic-back-massage,1059,1600,portrait,weak,no,yes,massage therapist spa-treatment wellness portrait,Terapeutka masíruje záda ženy ležící na břiše na masážním lůžku zabalené v bílých ručnících.,Therapist massages a woman's back as she lies face down on a treatment table wrapped in white towels.,"Therapeutin massiert den Rücken einer Frau, die bäuchlings auf einer Behandlungsliege in weiße Handtücher gehüllt liegt.",Klasická masáž zad pomáhá po dni plném procedur uvolnit napětí.,A classic back massage helps release tension after a day of treatments.,"Eine klassische Rückenmassage hilft, nach einem Tag voller Anwendungen Verspannungen zu lösen.",Leceni klasicke procedury/Hvězda-Skalník Klasická masáž 01.jpg,Dated stock-photo styling and soft-focus retouching; awkward tight crop.
/images/library/treatments/co2-gas-wrap-relax.jpg,treatments,co2-gas-wrap-relax,1600,1065,landscape,good,yes,yes,co2-gas-wrap balneotherapy spa-treatment wellness outdoor,"Žena s zavřenýma očima odpočívá, zatímco jí na břiše přikládají stříbrnou fólii plynové CO2 obálky na lůžku obklopeném rostlinami.",Woman relaxes with eyes closed as a silver CO2 gas wrap is applied to her abdomen on a plant-lined terrace bed.,"Eine Frau entspannt mit geschlossenen Augen, während eine silberne CO2-Gasfolie auf ihrem Bauch auf einer pflanzenbestandenen Terrassenliege angebracht wird.",Suchá plynová CO2 obálka se přikládá na břicho pro podporu prokrvení během chvíle odpočinku.,A dry CO2 gas wrap is applied to the abdomen to stimulate circulation during a restful moment.,"Eine trockene CO2-Gaspackung wird auf den Bauch aufgebracht, um während einer entspannten Ruhephase die Durchblutung zu fördern.",Leceni klasicke procedury/Hvězda-Skalník Plynová obálka.jpg,
/images/library/treatments/co2-pool-lounge.jpg,treatments,co2-pool-lounge,1600,848,landscape,good,yes,yes,co2-pool wellness relaxation spa-treatment interior mood-lighting,"Dva hosté v bílých županech sedí naproti sobě na lehátkách ve fialově osvětlené místnosti s CO2 lázní, bližší záběr.","Two guests in white robes sit on loungers facing each other in a purple-lit CO2 pool room, closer framing.","Zwei Gäste in weißen Bademänteln sitzen sich auf Liegen in einem violett beleuchteten CO2-Bad-Raum gegenüber, engerer Ausschnitt.",Bližší záběr zdůrazňuje výrazné fialové světlo v místnosti s CO2 lázní.,A tighter view highlights the striking purple glow of the CO2 pool treatment room.,Ein engerer Ausschnitt betont das eindrucksvolle violette Leuchten des CO2-Bad-Behandlungsraums.,05_A_CO2 Pool/CO2_Pool-2.jpg,"Near-duplicate of P155, same scene tighter crop."
/images/library/treatments/co2-pool-relaxation.jpg,treatments,co2-pool-relaxation,1600,1037,landscape,hero,yes,yes,co2-pool wellness relaxation spa-treatment interior mood-lighting,Dva hosté v bílých županech odpočívají na lehátkách v místnosti s CO2 bazénkem zalité fialovým světlem.,Two guests in white robes relax on loungers in a CO2 pool room bathed in purple ambient light.,"Zwei Gäste in weißen Bademänteln entspannen auf Liegen im CO2-Bad-Raum, getaucht in violettes Ambientelicht.","Hosté relaxují v místnosti se suchou CO2 lázní, jejíž uklidňující fialové osvětlení podporuje odpočinek.","Guests unwind in the dry CO2 pool room, its calming purple light designed to enhance relaxation.","Gäste entspannen im Raum mit dem trockenen CO2-Bad, dessen beruhigendes violettes Licht die Entspannung fördert.",05_A_CO2 Pool/CO2_Pool-1.jpg,"Near-duplicate of P156, same scene wider crop."
/images/library/treatments/co2-therapy-back-probe.jpg,treatments,co2-therapy-back-probe,1600,1067,landscape,good,yes,yes,co2-injection spa-treatment therapist detail,"Detail ruky držící kovovou sondu na zádech muže, v popředí přístroj s modrým displejem.","Close-up of a hand holding a metal probe against a man's back, with a device and blue display in the foreground.","Nahaufnahme einer Hand, die eine Metallsonde an den Rücken eines Mannes hält, im Vordergrund ein Gerät mit blauem Display.",Ošetřovací přístroj je během procedury přikládán na záda.,The treatment device is applied to the back during the session.,Das Behandlungsgerät wird während der Sitzung am Rücken angewendet.,04_A_CO2 Injection/CO2_Injection-2_B.jpg,"Near-duplicate of P192, same session and device."
/images/library/treatments/co2-therapy-neck-probe.jpg,treatments,co2-therapy-neck-probe,1600,1067,landscape,good,yes,yes,co2-injection spa-treatment therapist detail,"Terapeutka drží ruční sondu na krku a rameni muže, propojenou s přístrojem s modrým displejem.","Therapist holding a handheld probe against a man's neck and shoulder, connected to a device with a blue display.","Therapeutin hält eine Handsonde an Nacken und Schulter eines Mannes, verbunden mit einem Gerät mit blauem Display.",Ruční aplikátor ošetřuje oblast krku a ramene.,A handheld applicator delivers treatment to the neck and shoulder area.,Ein handgeführter Applikator behandelt den Bereich von Nacken und Schulter.,04_A_CO2 Injection/CO2_Injection-1.jpg,Filename indicates CO2 therapy; a needle is not clearly visible in the frame. Near-duplicate of P193.
/images/library/treatments/couple-resting-blankets.jpg,treatments,couple-resting-blankets,1600,1067,landscape,hero,yes,yes,treatments relaxation couple candle blanket spa-treatment,"Muž a žena leží vedle sebe zabalení do dek na masážních lehátkách, mezi nimi hoří svíčka.",A man and woman lie side by side wrapped in blankets on treatment beds with a lit candle between them.,"Ein Mann und eine Frau liegen in Decken gehüllt nebeneinander auf Behandlungsliegen, dazwischen eine brennende Kerze.","Pár po proceduře odpočívá vedle sebe, zahalený do dek, zatímco mezi nimi hoří svíčka.","A couple rests side by side after treatment, wrapped warm as candlelight flickers between them.","Ein Paar ruht nach der Behandlung nebeneinander, warm eingehüllt, während zwischen ihnen eine Kerze flackert.",18_mineralni_koupele.jpg,
/images/library/treatments/electrode-pad-back-closeup.jpg,treatments,electrode-pad-back-closeup,1600,1067,landscape,hero,yes,yes,electrotherapy physiotherapy therapist hands detail,"Detail rukou umisťujících dvě elektrody na horní část zad muže, propojené kabely.","Close-up of hands placing two electrode pads on a man's upper back, connected by wires.","Nahaufnahme von Händen, die zwei Elektroden am oberen Rücken eines Mannes anbringen, verbunden mit Kabeln.",Dvě elektrody jsou umístěny pro cílenou elektroterapeutickou stimulaci.,Two electrodes are placed for targeted electrotherapy stimulation.,Zwei Elektroden werden für eine gezielte elektrotherapeutische Stimulation platziert.,02_A_Electro/Electro_Ter-2.jpg,"Near-duplicate of P190, same session and shoulder area."
/images/library/treatments/electrode-pad-hip.jpg,treatments,electrode-pad-hip,1600,1067,landscape,hero,yes,yes,electrotherapy physiotherapy therapist hands detail,"Detail ruky terapeutky přikládající elektrodu na dolní část zad muže, kabely vedou k přístroji.","Close-up of a therapist's hand pressing an electrode pad onto a man's lower back, wires trailing to a device.","Nahaufnahme der Hand einer Therapeutin, die eine Elektrode auf den unteren Rücken eines Mannes drückt, Kabel führen zu einem Gerät.",Elektrody jsou umístěny pro průběh elektroléčby.,Electrode pads are positioned for a course of electrotherapy.,Elektroden werden für eine Elektrotherapie positioniert.,02_A_Electro/Electro-Ter-3_B.jpg,"Part of an electrotherapy set with P190, P191."
/images/library/treatments/electrode-pad-shoulder.jpg,treatments,electrode-pad-shoulder,1600,1067,landscape,hero,yes,yes,electrotherapy physiotherapy therapist hands detail,Detail rukou připevňujících elektrodu s popruhem na horní část zad a rameno muže.,Close-up of hands attaching a strapped electrode pad to a man's upper back and shoulder.,"Nahaufnahme von Händen, die eine mit einem Gurt befestigte Elektrode am oberen Rücken und der Schulter eines Mannes anbringen.",Terapeutka upevňuje elektrody před zahájením elektroléčby.,A therapist secures the electrodes before starting the electrotherapy session.,Eine Therapeutin befestigt die Elektroden vor Beginn der Elektrotherapie.,02_A_Electro/Electro_Ter-1.jpg,"Part of an electrotherapy set with P189, P191; similar shoulder framing to P191."
/images/library/treatments/electrotherapy-back-pads.jpg,treatments,electrotherapy-back-pads,1600,1067,landscape,weak,no,yes,spa-treatment electrotherapy physiotherapy interior,"Muž leží na břiše na lehátku, na zádech má připevněné elektrody pro elektroléčbu.",Man lying face down on a treatment table with electrotherapy pads attached to his back.,"Mann liegt bäuchlings auf einer Behandlungsliege, mit Elektroden zur Elektrotherapie auf dem Rücken.","Elektroléčba zad pomocí povrchových elektrod, standardní klasická lázeňská procedura.","Electrotherapy applied to the back using surface electrodes, a standard classic spa procedure.","Elektrotherapie mit Oberflächenelektroden am Rücken, eine klassische Standardanwendung der Kur.",Leceni klasicke procedury/Hvěžda-Skalník Elektroléčba.jpg,Dated table and lighting.
/images/library/treatments/empty-treatment-room.jpg,treatments,empty-treatment-room,1060,1600,portrait,weak,no,no,interior empty-room treatment-room,"Prázdná procedurní místnost s čalouněným lehátkem, oranžovou pruhovanou dekou a žlutými stěnami.","Empty spa treatment room with a padded table, orange striped drape and yellow walls.","Leerer Behandlungsraum mit gepolsterter Liege, orange gestreifter Decke und gelben Wänden.",Procedurní místnost připravená na klasickou lázeňskou proceduru.,A treatment room set up and ready for a classic spa procedure.,"Ein Behandlungsraum, bereit für eine klassische Kuranwendung.",Leceni klasicke procedury/Neapol Spa department (2).JPG,Dated interior; part of a set of empty procedure rooms (P172-P176).
/images/library/treatments/exercise-ball-stretch.jpg,treatments,exercise-ball-stretch,1600,1044,landscape,weak,no,yes,fitness stretching physiotherapy exercise-ball portrait,Klečící žena v růžovém tričku drží nad hlavou modrý gymnastický míč a protahuje se do strany na bílém pozadí.,Woman kneeling in a pink top holds a blue exercise ball overhead while stretching to one side against a white backdrop.,Kniende Frau in pinkfarbenem Top hält einen blauen Gymnastikball über dem Kopf und dehnt sich seitlich vor weißem Hintergrund.,Gymnastický míč přidává odpor tomuto bočnímu protahovacímu cviku.,An exercise ball adds resistance to this side-stretching therapeutic movement.,Ein Gymnastikball sorgt bei dieser seitlichen Dehnbewegung für zusätzlichen Widerstand.,Leceni klasicke procedury/Hvězda-Skalník Léčebný tělocvik individuální 02.jpg,"Generic dated stock photo on a plain studio backdrop, does not reflect the property."
/images/library/treatments/floating-relaxation-pool.jpg,treatments,floating-relaxation-pool,1600,1067,landscape,good,yes,yes,wellness relaxation pool,Žena pluje na zádech v tyrkysové vodě bazénu se zavřenýma očima a zakloněnou hlavou.,"Woman floating on her back in turquoise pool water with eyes closed, head tilted back.",Frau treibt mit geschlossenen Augen und zurückgelegtem Kopf auf dem Rücken im türkisfarbenen Poolwasser.,Beztížně se vznášející hostka v teplé vodě nechává rozplynout napětí dne.,"Floating weightless in warm water, a guest lets the tension of the day dissolve.",Schwerelos im warmen Wasser treibend lässt eine Gästin die Anspannung des Tages los.,relax-and-beauty.jpg,"Generic wellness stock imagery, no identifiable Marienbad location; modest resolution for a hero use."
/images/library/treatments/hydrojet-dry-massage-bed.jpg,treatments,hydrojet-dry-massage-bed,1600,1073,landscape,good,yes,yes,hydrojet spa-treatment interior relaxation dry-massage treatment-room,Žena odpočívá v běžném oblečení na bílém nafukovacím hydrojet lůžku v růžové ošetřovně.,A woman relaxes fully clothed on a white inflatable hydrojet massage bed in a pink treatment room.,Eine Frau entspannt in Alltagskleidung auf einer weißen aufblasbaren Hydrojet-Massageliege in einem rosafarbenen Behandlungsraum.,"Jemná vodní masáž nechá hosty odpočinout, aniž by se museli svlékat.",A gentle water-jet massage lets guests unwind without even undressing.,"Eine sanfte Wassermassage lässt Gäste entspannen, ohne sich auszuziehen.",Lymfopress a Hydrojet/Hydrojet.jpg,
/images/library/treatments/lymphatic-drainage-legs.jpg,treatments,lymphatic-drainage-legs,1600,1067,landscape,good,yes,yes,lymphatic-drainage spa-treatment compression-therapy treatment-room legs interior,"Žena leží na oranžovém lehátku, nohy má vložené v modrých pneumatických rukávech pro lymfodrenáž.",A woman lies on an orange treatment table with her legs enclosed in blue pneumatic lymphatic-drainage sleeves.,"Eine Frau liegt auf einer orangefarbenen Behandlungsliege, ihre Beine stecken in blauen pneumatischen Lymphdrainage-Manschetten.",Pneumatické kompresní rukávy jemně podporují krevní oběh během lymfodrenážní procedury.,Pneumatic compression sleeves gently boost circulation during a lymphatic-drainage session.,Pneumatische Kompressionsmanschetten fördern sanft die Durchblutung während einer Lymphdrainage-Sitzung.,Lymfopress a Hydrojet/Lymfopress.jpg,
/images/library/treatments/magnetotherapy-treatment-room.jpg,treatments,magnetotherapy-treatment-room,1600,1060,landscape,weak,no,no,interior empty-room electrotherapy physiotherapy,Prázdná procedurní místnost s obloukovým přístrojem pro magnetoterapii nad čalouněným lehátkem.,Empty treatment room with a hooped magnetotherapy device positioned over a padded table.,Leerer Behandlungsraum mit einem bügelförmigen Magnetfeldtherapiegerät über einer gepolsterten Liege.,Přístroj pro magnetoterapii připravený na dalšího pacienta.,Magnetic field therapy equipment set up and waiting for the next patient.,"Ein Magnetfeldtherapiegerät, bereit für die nächste Anwendung.",Leceni klasicke procedury/Neapol Spa department (5).JPG,Dated equipment and cabling; part of a set of empty procedure rooms (P172-P176).
/images/library/treatments/massage-hands-closeup.jpg,treatments,massage-hands-closeup,1064,1600,portrait,weak,no,yes,massage therapist spa-treatment detail wellness,"Detailní záběr na ruce terapeutky masírující bederní část zad a boky ženy, přes tělo přehozený ručník.","Close-up of a therapist's hands massaging a woman's lower back and hip area, a towel draped across her body.","Nahaufnahme der Hände einer Therapeutin bei der Massage des unteren Rückens und der Hüfte einer Frau, Handtuch über dem Körper.",Cílený a pevný tlak působí při klasické masáži na oblast beder.,"Firm, focused pressure targets the lower back during a classic massage session.","Gezielter, fester Druck wirkt beim klassischen Massagetermin auf den unteren Rücken.",Leceni klasicke procedury/Hvězda-Skalník Klasická masáž 02.jpg,"Dated stock-photo styling, very close generic crop with little context; low resolution."
/images/library/treatments/nutrition-consultation-desk.jpg,treatments,nutrition-consultation-desk,1600,900,landscape,good,yes,yes,nutrition-consultation treatments wellness consultation-room weight-management healthcare,Blondýna konzultuje u světlého stolu s nutriční specialistkou v bílém plášti.,A blonde woman consults with a nutrition specialist in a white coat at a bright office desk.,Eine blonde Frau spricht an einem hellen Schreibtisch mit einer Ernährungsberaterin im weißen Kittel.,Hostka probírá svůj jídelníček v soukromí s odbornicí ve světlé konzultační místnosti.,A guest discusses her nutrition plan one-on-one with a specialist in a bright consultation room.,Eine Gästin bespricht ihren Ernährungsplan im Vieraugengespräch mit einer Fachkraft in einem hellen Beratungsraum.,foto Fitness and Nutrition/FitNut-7.jpg,
/images/library/treatments/obesity-consultation-desk-repeat.jpg,treatments,obesity-consultation-desk-repeat,1600,900,landscape,weak,no,yes,nutrition-consultation treatments weight-management consultation-room wellness magazines,"Žena v kostkovaném svetru hovoří s nutriční specialistkou u stolu, v popředí časopisy o hubnutí.",A woman in a checked top talks with a nutrition specialist across a desk with weight-management magazines in the foreground.,"Eine Frau im karierten Oberteil spricht mit einer Ernährungsberaterin am Schreibtisch, im Vordergrund Zeitschriften zum Thema Gewichtsmanagement.","Další záběr ze stejné konzultace o výživě, stůl i póza téměř beze změny.","Another frame from the same nutrition consultation, desk and pose almost unchanged.","Eine weitere Aufnahme derselben Ernährungsberatung, Tisch und Haltung fast unverändert.",foto Fitness and Nutrition/FitNut-9.jpg,"near-identical to P089 — same setting, pose and magazines, likely a consecutive burst frame; redundant for the library"
/images/library/treatments/obesity-consultation-magazines.jpg,treatments,obesity-consultation-magazines,1600,900,landscape,good,yes,yes,nutrition-consultation treatments weight-management consultation-room wellness magazines,"Žena v kostkovaném svetru hovoří s odbornicí u stolu, v popředí leží časopisy o hubnutí a obezitě.",A woman in a checked top talks with a specialist across a desk with weight-management magazines in the foreground.,"Eine Frau im karierten Oberteil spricht mit einer Fachkraft am Schreibtisch, im Vordergrund liegen Zeitschriften zum Thema Gewichtsmanagement.",Odborné časopisy o obezitě na stole doplňují osobní konzultaci o výživě.,Weight-management literature on the desk sets the scene for a personal nutrition consultation.,Fachliteratur zum Thema Gewichtsmanagement auf dem Tisch begleitet ein persönliches Ernährungsgespräch.,foto Fitness and Nutrition/FitNut-8.jpg,
/images/library/treatments/oxygen-therapy-portrait.jpg,treatments,oxygen-therapy-portrait,1600,1067,landscape,hero,yes,yes,oxygen-therapy spa-treatment senior detail,Detailní portrét staršího muže z profilu s nosní kanylou při kyslíkové terapii.,"Close profile portrait of an older man with a nasal cannula, receiving oxygen therapy.",Nahes Profilporträt eines älteren Mannes mit Nasenkanüle bei einer Sauerstofftherapie.,"Host podstupuje kyslíkovou terapii prostřednictvím nosní kanyly, oblíbenou wellness proceduru.","A guest receives oxygen therapy through a nasal cannula, a popular wellness treatment.","Ein Gast erhält eine Sauerstofftherapie über eine Nasenkanüle, eine beliebte Wellnessanwendung.",03_A_Oxygen/Oxygen_Ter-1.jpg,Part of an oxygen-therapy pair with P188.
/images/library/treatments/oxygen-therapy-profile.jpg,treatments,oxygen-therapy-profile,1600,1067,landscape,hero,yes,yes,oxygen-therapy spa-treatment senior detail,"Detailní portrét téhož muže z profilu s nosní kanylou, v pozadí je vidět přístroj pro kyslíkovou terapii.","Close profile portrait of the same man with a nasal cannula, an oxygen therapy machine visible behind him.","Nahes Profilporträt desselben Mannes mit Nasenkanüle, im Hintergrund ein Sauerstofftherapiegerät.",Kyslíkový koncentrátor dodává během procedury rovnoměrný průtok.,The oxygen concentrator delivers a steady flow during the treatment.,Der Sauerstoffkonzentrator liefert während der Anwendung einen gleichmäßigen Fluss.,03_A_Oxygen/Oxygen_Ter-2.jpg,Part of an oxygen-therapy pair with P187; near-identical framing.
/images/library/treatments/parafango-back-wrap.jpg,treatments,parafango-back-wrap,1600,944,landscape,weak,no,yes,parafango balneotherapy spa-treatment wellness portrait,Žena leží na břiše na lůžku pokrytém ručníky s tmavým parafango zábalem na bedrech.,Woman lies face down on a towel-covered table with a dark parafango pack applied to her lower back.,"Eine Frau liegt bäuchlings auf einer mit Handtüchern bedeckten Liege, mit einer dunklen Parafango-Packung im unteren Rücken.",Zábal parafango spojuje teplo parafínu s minerálně bohatým bahnem pro hluboké uvolnění svalů.,A parafango pack combines the warmth of paraffin with mineral-rich mud for deep muscle relief.,Eine Parafango-Packung verbindet die Wärme von Paraffin mit mineralstoffreichem Schlamm zur tiefen Muskelentspannung.,Leceni klasicke procedury/Hvězda-Skalník Parafango.jpg,Dated wood-panel interior and flat lighting typical of an older photo set.
/images/library/treatments/peat-mud-wrap.jpg,treatments,peat-mud-wrap,1280,853,landscape,weak,no,yes,mud-treatment spa-treatment wellness,Pohled shora na tmavou rašelinu nanášenou ženě na rameno a záda na masážním lůžku.,Overhead view of dark peat mud being applied to a woman's shoulder and back on a treatment table.,"Aufsicht auf dunklen Moorschlamm, der einer Frau auf Schulter und Rücken auf einer Behandlungsliege aufgetragen wird.","Minerálně bohatá rašelina je jemně nanášena na pokožku, procedura s dlouhou tradicí v lázních regionu.","Mineral-rich peat mud is smoothed over the skin, a treatment long associated with the region's spas.",Mineralreicher Moorschlamm wird sanft auf die Haut aufgetragen – eine Anwendung mit langer Tradition in den Kurorten der Region.,traditional-spa.jpg,"Content is thematically on-brand for the region's peat treatments, but resolution is low (1280x853) and framing reads as stock."
/images/library/treatments/peat-wrap-back.jpg,treatments,peat-wrap-back,1600,1067,landscape,good,yes,yes,peat-wrap balneotherapy spa-treatment massage wellness portrait,Žena leží na břiše s tmavým slatinným zábalem na horní části zad během lázeňské procedury.,Woman lies face down with a dark peat mud pack applied to her upper back during a spa treatment.,"Eine Frau liegt bäuchlings, mit einer dunklen Moorpackung auf dem oberen Rücken, während einer Spa-Behandlung.",Tradiční slatinný zábal z minerálně bohaté slatiny se používá k uvolnění svalů a kloubů.,"A traditional peat wrap, using local mineral-rich mud, is applied to soothe muscles and joints.",Eine traditionelle Moorpackung mit mineralstoffreichem Schlamm wird zur Linderung von Muskel- und Gelenkbeschwerden aufgetragen.,Leceni klasicke procedury/Hvězda-Skalník  Slatiiný zábal 01.jpg,
/images/library/treatments/peat-wrap-rose-petals.jpg,treatments,peat-wrap-rose-petals,1067,1600,portrait,good,yes,yes,spa-treatment peat-wrap balneotherapy interior detail,"Žena sedí zabalená do bílých prostěradel s okvětními lístky růží, na zádech má nanesený tmavý rašelinový zábal, v obloženém lázeňském prostoru.","Woman seated wrapped in white sheets with rose petals, her back covered in a dark peat mud treatment, in a tiled spa room.","Frau sitzt in weiße Tücher mit Rosenblättern gehüllt, ihr Rücken ist mit dunklem Moorpackungsschlamm bedeckt, in einem gefliesten Spa-Raum.","Tradiční rašelinový zábal, doplněný okvětními lístky růží, jako součást klasické lázeňské procedury.","A traditional peat mud wrap, framed with rose petals, applied as part of a classic spa treatment.","Eine traditionelle Moorpackung, umrahmt von Rosenblättern, als Teil einer klassischen Kuranwendung.",Leceni klasicke procedury/Hvězda-Skalník Slatinný zábal  02.jpg,"Part of a peat-wrap series with P168, P169."
/images/library/treatments/peat-wrap-shoulder-closeup.jpg,treatments,peat-wrap-shoulder-closeup,1200,1600,portrait,good,yes,yes,spa-treatment peat-wrap balneotherapy detail,"Detail ramene a zad ženy pokrytých tmavým rašelinovým bahnem, hlavu má opřenou o paže.","Close-up of a woman's shoulder and back covered in dark peat mud, resting her head on her arms.","Nahaufnahme der Schulter und des Rückens einer Frau, bedeckt mit dunklem Moorschlamm, den Kopf auf den Armen abgelegt.","Detailní pohled na aplikaci rašelinového bahna, jedné z typických procedur zdejších lázeňských kúr.","A close-up view of a peat mud application, one of the signature treatments of the region's spa cures.","Eine Nahaufnahme einer Moorpackung, einer der charakteristischen Anwendungen der Kurbehandlungen der Region.",Leceni klasicke procedury/Hvězda-Skalník Slatinný zábal  03.jpg,"Part of a peat-wrap series with P167, P169."
/images/library/treatments/poolside-peat-wrap.jpg,treatments,poolside-peat-wrap,1600,1063,landscape,hero,yes,yes,spa-treatment peat-wrap relaxation pool lifestyle,"Žena s ručníkovým turbanem odpočívá s úsměvem u bazénu, na zádech má tmavý rašelinový zábal.","Woman with a towel turban relaxing poolside, smiling, with a dark peat mud wrap on her back.","Frau mit Handtuchturban entspannt lächelnd am Beckenrand, mit dunkler Moorpackung auf dem Rücken.",Odpočinek po rašelinovém zábalu u bazénu v jednom z lázeňských hotelů.,"Relaxation after a peat mud treatment, poolside at one of the town's spa hotels.",Entspannung nach einer Moorpackung am Beckenrand eines der Kurhotels der Stadt.,Leceni klasicke procedury/Hvězda-Skalník Slatinný zábal  04.jpg,"Part of a peat-wrap series with P167, P168; strongest image of the trio."
/images/library/treatments/seated-stretch-stock.jpg,treatments,seated-stretch-stock,1064,1600,portrait,weak,no,yes,fitness stretching physiotherapy gym portrait,Žena v červeném tílku sedí v tureckém sedu na podložce a protahuje se směrem k noze v barevném fitness studiu.,Woman in a red tank top sits cross-legged on a yoga mat stretching toward her foot in a colourful gym studio.,Frau in rotem Top sitzt im Schneidersitz auf einer Yogamatte und dehnt sich zum Fuß in einem bunten Fitnessstudio.,Sedící protažení ukazuje jednoduché léčebné cvičení pro flexibilitu a pohyblivost.,A seated stretch demonstrates a simple therapeutic exercise for flexibility and mobility.,Eine sitzende Dehnübung zeigt eine einfache therapeutische Übung für Beweglichkeit und Mobilität.,Leceni klasicke procedury/Hvězda-Skalník Léčebný tělocvik individuální 01.jpg,Generic dated stock photo; colourful gym styling does not match the property and is unlikely to be shot on-site.
/images/library/treatments/traditional-massage-treatment.jpg,treatments,traditional-massage-treatment,1280,853,landscape,weak,no,yes,massage spa-treatment,"Žena při masáži paže a ramene, zabalená do ručníků, leží na masážním lůžku.",Woman receiving an arm and shoulder massage while lying on a treatment table wrapped in towels.,"Frau erhält eine Arm- und Schultermassage, während sie in Handtücher gehüllt auf einer Behandlungsliege liegt.",Zkušené ruce uvolňují napětí při tradiční masáži paže a ramene.,Skilled hands work through tension during a traditional arm and shoulder massage.,Geschickte Hände lösen Verspannungen bei einer traditionellen Arm- und Schultermassage.,traditional-pain-relief.jpg,"Generic spa stock photograph, no identifiable location; low resolution (1280x853)."
/images/library/treatments/treatment-room-equipment.jpg,treatments,treatment-room-equipment,1060,1600,portrait,weak,no,no,interior empty-room physiotherapy treatment-room,"Prázdná procedurní místnost se srolovaným masážním lehátkem, popruhy a monitorovacím přístrojem na vozíku.","Empty treatment room with a rolled-up massage table, straps and monitoring equipment on a cart.","Leerer Behandlungsraum mit aufgerollter Massageliege, Gurten und Überwachungsgerät auf einem Wagen.",Vybavení pro extenzní nebo fyzioterapeutickou proceduru v procedurní místnosti.,"Equipment for a traction or physiotherapy procedure, set up in a treatment room.",Ausstattung für eine Extensions- oder physiotherapeutische Behandlung in einem Behandlungsraum.,Leceni klasicke procedury/Neapol Spa department (3).JPG,Dated interior; part of a set of empty procedure rooms (P172-P176).
/images/library/treatments/treatment-room-orange-table.jpg,treatments,treatment-room-orange-table,1060,1600,portrait,good,yes,no,interior empty-room treatment-room,"Prázdná procedurní místnost s oranžovým čalouněným lehátkem, zarámovaným květinovým obrazem a pokojovou rostlinou.","Empty treatment room with an orange padded table, a framed flower print and a potted plant.","Leerer Behandlungsraum mit orangefarbener gepolsterter Liege, einem gerahmten Blumenbild und einer Topfpflanze.","Klidná procedurní místnost, upravená mezi jednotlivými lázeňskými termíny.","A quiet treatment room, tidy and ready between spa appointments.","Ein ruhiger Behandlungsraum, aufgeräumt zwischen den Kurterminen.",Leceni klasicke procedury/Neapol Spa department (4).JPG,Part of a set of empty procedure rooms (P172-P176).
/images/library/treatments/ultrasound-treatment-room.jpg,treatments,ultrasound-treatment-room,1600,1060,landscape,weak,no,no,interior empty-room electrotherapy physiotherapy,Prázdná procedurní místnost s přístrojem pro ultrazvukovou terapii na vozíku vedle oranžového lehátka.,Empty treatment room with an ultrasound therapy device on a cart beside an orange padded table.,Leerer Behandlungsraum mit einem Ultraschalltherapiegerät auf einem Wagen neben einer orangefarbenen Liege.,Diagnostický a terapeutický přístroj v jedné z klasických procedurních místností lázeňského domu.,Diagnostic and therapy equipment in one of the spa house's classic treatment rooms.,Diagnose- und Therapiegerät in einem der klassischen Behandlungsräume des Kurhauses.,Leceni klasicke procedury/Neapol Spa department.jpg,Dated equipment; part of a set of empty procedure rooms (P172-P176).
